dateAchat;numSIREN;nomFleur;nbrFleurs;prixAchatUnitaire
04/12/2020;269481735;Jasmin;11;0.72
04/12/2020;651982473;Crocus;5;0.49
04/12/2020;672849135;Lys;5;1.2
04/12/2020;269481735;Paquerette;4;0.53
04/12/2020;503827451;Chrysantheme;5;0.75
04/12/2020;842619375;Oeillet;2;0.45
04/12/2020;482519367;Hortensia;1;1.29
04/12/2020;503827451;Violette;1;0.26
04/12/2020;269481735;Edelweiss;1;1.82
09/12/2020;503827451;Mimosa;14;0.62
09/12/2020;672849135;Crocus;1;0.5
09/12/2020;269481735;Edelweiss;1;3.04
09/12/2020;672849135;Coquelicot;5;0.2
09/12/2020;346198275;Chrysantheme;7;0.16
09/12/2020;672849135;Narcisse;2;1.01
09/12/2020;503827451;Dahlia;12;1.19
09/12/2020;503827451;Violette;1;0.13
09/12/2020;672849135;Oeillet;1;0.75
09/12/2020;842619375;Glaieul;1;0.24
15/12/2020;651982473;Tulipe;15;0.41
15/12/2020;842619375;Dahlia;8;1.48
15/12/2020;482519367;Camelia;4;2.94
15/12/2020;269481735;Mimosa;5;1.11
15/12/2020;503827451;Crocus;1;0.12
11/12/2020;482519367;Tiare;14;2.26
11/12/2020;346198275;Edelweiss;1;2.29
14/12/2020;482519367;Narcisse;12;1.25
14/12/2020;672849135;Tournesol;4;0.62
14/12/2020;842619375;Violette;9;0.1
14/12/2020;482519367;Rose;1;0.74
14/12/2020;842619375;Jasmin;3;0.31
14/12/2020;269481735;Crocus;3;0.24
14/12/2020;275381649;Anemone;1;1.4
14/12/2020;346198275;Oeillet;13;0.7
14/12/2020;842619375;Mimosa;4;0.16
22/12/2020;275381649;Narcisse;4;1.15
22/12/2020;672849135;Anemone;5;1.64
22/12/2020;503827451;Rose;2;0.87
22/12/2020;651982473;Lys;1;1.01
22/12/2020;672849135;Coquelicot;6;0.13
17/12/2020;651982473;Mimosa;11;1.45
17/12/2020;346198275;Oeillet;1;0.55
17/12/2020;482519367;Edelweiss;19;1.86
17/12/2020;672849135;Camelia;1;1.42
17/12/2020;269481735;Narcisse;8;0.46
17/12/2020;503827451;Dahlia;1;0.3
17/12/2020;482519367;Coquelicot;18;0.36
17/12/2020;651982473;Violette;1;0.37
28/12/2020;275381649;Mimosa;4;0.95
28/12/2020;482519367;Rose;16;0.12
28/12/2020;346198275;Pivoine;2;1.11
28/12/2020;346198275;Glaieul;1;0.58
28/12/2020;269481735;Lys;16;1.44
28/12/2020;842619375;Jasmin;1;0.37
28/12/2020;482519367;Camelia;2;1.39
28/12/2020;346198275;Tulipe;1;0.28
28/12/2020;503827451;Hortensia;2;0.72
28/12/2020;651982473;Edelweiss;14;3.46
24/12/2020;482519367;Rose;17;0.8
24/12/2020;275381649;Tournesol;2;0.21
24/12/2020;275381649;Tulipe;12;0.53
24/12/2020;842619375;Violette;1;0.13
24/12/2020;269481735;Chrysantheme;1;0.86
24/12/2020;672849135;Anemone;8;1.03
24/12/2020;672849135;Mimosa;2;1.85
24/12/2020;842619375;Coquelicot;2;0.39
05/01/2021;275381649;Dahlia;6;0.31
05/01/2021;482519367;Rose;11;0.67
05/01/2021;842619375;Camelia;1;0.46
05/01/2021;275381649;Chrysantheme;1;0.87
05/01/2021;346198275;Pivoine;3;0.15
05/01/2021;275381649;Anemone;1;1.33
05/01/2021;842619375;Tiare;1;2.05
05/01/2021;346198275;Coquelicot;1;0.11
05/01/2021;269481735;Crocus;3;0.34
05/01/2021;842619375;Lys;10;0.16
29/12/2020;503827451;Oeillet;1;0.54
29/12/2020;275381649;Hortensia;1;2.18
29/12/2020;346198275;Tiare;12;0.79
29/12/2020;503827451;Jasmin;15;1.09
29/12/2020;269481735;Coquelicot;16;0.22
29/12/2020;275381649;Camelia;10;2.29
29/12/2020;672849135;Glaieul;1;0.15
29/12/2020;672849135;Lys;14;0.85
29/12/2020;275381649;Dahlia;2;0.86
29/12/2020;842619375;Tulipe;14;0.55
29/12/2020;482519367;Mimosa;3;0.48
29/12/2020;503827451;Rose;3;0.33
30/12/2020;651982473;Coquelicot;8;0.24
30/12/2020;482519367;Chrysantheme;2;0.43
30/12/2020;482519367;Mimosa;16;2.23
30/12/2020;672849135;Lys;1;0.2
30/12/2020;672849135;Tiare;4;1.59
30/12/2020;842619375;Crocus;3;0.38
30/12/2020;269481735;Pivoine;6;0.42
30/12/2020;275381649;Jasmin;3;0.47
30/12/2020;269481735;Anemone;1;0.34
30/12/2020;269481735;Edelweiss;13;0.26
30/12/2020;275381649;Narcisse;2;0.54
30/12/2020;269481735;Camelia;4;0.95
30/12/2020;275381649;Rose;13;0.59
30/12/2020;346198275;Dahlia;2;0.6
30/12/2020;346198275;Paquerette;2;0.61
30/12/2020;842619375;Glaieul;10;0.44
21/12/2020;269481735;Camelia;2;0.6
21/12/2020;503827451;Coquelicot;6;0.13
21/12/2020;842619375;Oeillet;14;0.66
21/12/2020;275381649;Paquerette;3;0.36
21/12/2020;503827451;Tiare;15;0.57
21/12/2020;842619375;Tulipe;5;0.62
21/12/2020;503827451;Hortensia;21;0.13
21/12/2020;672849135;Jasmin;16;1.13
21/12/2020;346198275;Rose;11;0.39
21/12/2020;651982473;Dahlia;5;1.13
21/12/2020;346198275;Pivoine;1;0.87
21/12/2020;346198275;Mimosa;1;0.11
21/12/2020;651982473;Lys;4;0.59
21/12/2020;275381649;Tournesol;7;0.48
21/12/2020;269481735;Edelweiss;2;2.56
07/01/2021;275381649;Jasmin;9;1.61
07/01/2021;269481735;Violette;3;0.21
07/01/2021;503827451;Crocus;5;0.42
07/01/2021;842619375;Coquelicot;1;0.36
31/12/2020;269481735;Paquerette;11;0.49
31/12/2020;672849135;Coquelicot;15;0.4
31/12/2020;672849135;Jasmin;8;1.01
31/12/2020;346198275;Hortensia;4;1.71
31/12/2020;842619375;Tournesol;11;0.79
31/12/2020;346198275;Tulipe;14;0.31
31/12/2020;275381649;Anemone;3;0.54
31/12/2020;672849135;Violette;1;0.33
31/12/2020;842619375;Lys;2;1.09
31/12/2020;346198275;Dahlia;19;0.62
31/12/2020;346198275;Crocus;2;0.16
31/12/2020;651982473;Narcisse;13;0.62
31/12/2020;672849135;Mimosa;10;2.16
31/12/2020;275381649;Chrysantheme;1;0.25
31/12/2020;503827451;Camelia;3;1.81
31/12/2020;503827451;Pivoine;8;2.14
06/01/2021;651982473;Pivoine;9;0.83
06/01/2021;269481735;Anemone;9;0.32
06/01/2021;482519367;Narcisse;1;0.96
06/01/2021;346198275;Tulipe;5;0.45
06/01/2021;651982473;Violette;2;0.25
06/01/2021;651982473;Camelia;2;0.21
06/01/2021;275381649;Rose;12;0.43
06/01/2021;842619375;Tournesol;6;0.78
06/01/2021;482519367;Lys;3;1.38
06/01/2021;269481735;Paquerette;7;0.55
06/01/2021;842619375;Hortensia;9;1.46
06/01/2021;269481735;Dahlia;2;1.11
06/01/2021;275381649;Edelweiss;3;1.81
06/01/2021;842619375;Mimosa;8;1.62
06/01/2021;503827451;Oeillet;1;0.51
08/01/2021;503827451;Tiare;4;2.64
08/01/2021;482519367;Mimosa;1;1.13
08/01/2021;482519367;Pivoine;1;0.27
08/01/2021;651982473;Rose;1;0.14
08/01/2021;672849135;Glaieul;5;0.7
08/01/2021;651982473;Violette;1;0.26
08/01/2021;503827451;Tulipe;7;0.3
08/01/2021;503827451;Dahlia;9;1.1
08/01/2021;503827451;Crocus;9;0.21
08/01/2021;842619375;Lys;5;0.72
04/01/2021;503827451;Pivoine;2;0.11
04/01/2021;651982473;Glaieul;3;0.75
04/01/2021;275381649;Rose;1;0.89
04/01/2021;503827451;Mimosa;5;1.65
13/01/2021;482519367;Crocus;20;0.3
13/01/2021;275381649;Tulipe;3;0.15
13/01/2021;482519367;Dahlia;7;0.25
13/01/2021;482519367;Jasmin;11;0.13
13/01/2021;503827451;Edelweiss;9;2.91
13/01/2021;672849135;Anemone;10;1.04
13/01/2021;503827451;Chrysantheme;9;0.46
13/01/2021;269481735;Hortensia;3;3.49
13/01/2021;275381649;Tiare;15;0.26
13/01/2021;651982473;Pivoine;4;1.65
13/01/2021;651982473;Glaieul;1;0.92
13/01/2021;842619375;Lys;2;1.29
13/01/2021;275381649;Coquelicot;2;0.1
13/01/2021;672849135;Paquerette;20;0.24
13/01/2021;672849135;Narcisse;3;0.33
13/01/2021;275381649;Rose;3;0.73
20/01/2021;482519367;Chrysantheme;23;0.63
20/01/2021;275381649;Jasmin;1;0.22
20/01/2021;275381649;Narcisse;17;1.19
20/01/2021;503827451;Hortensia;10;0.9
20/01/2021;672849135;Rose;9;0.54
20/01/2021;269481735;Violette;3;0.21
20/01/2021;842619375;Paquerette;4;0.45
20/01/2021;842619375;Crocus;4;0.28
20/01/2021;275381649;Lys;2;1.33
20/01/2021;482519367;Glaieul;1;0.66
20/01/2021;503827451;Oeillet;4;0.27
20/01/2021;482519367;Pivoine;1;0.54
20/01/2021;269481735;Tournesol;1;0.22
20/01/2021;651982473;Tulipe;7;0.27
20/01/2021;651982473;Tiare;1;0.66
21/01/2021;346198275;Tiare;10;2.5
21/01/2021;651982473;Paquerette;13;0.1
21/01/2021;275381649;Anemone;13;1.5
21/01/2021;651982473;Crocus;6;0.37
21/01/2021;269481735;Rose;25;0.54
21/01/2021;482519367;Mimosa;14;2.15
21/01/2021;346198275;Oeillet;11;0.45
21/01/2021;503827451;Tulipe;25;0.41
21/01/2021;482519367;Coquelicot;8;0.43
21/01/2021;275381649;Camelia;2;1.79
21/01/2021;346198275;Violette;10;0.13
21/01/2021;275381649;Pivoine;3;0.99
21/01/2021;346198275;Narcisse;17;0.99
21/01/2021;346198275;Dahlia;1;0.34
21/01/2021;672849135;Chrysantheme;1;0.87
21/01/2021;842619375;Edelweiss;6;2.67
21/01/2021;503827451;Hortensia;5;3.14
21/01/2021;482519367;Glaieul;3;0.36
21/01/2021;482519367;Tournesol;4;0.2
21/01/2021;503827451;Lys;2;0.69
11/01/2021;269481735;Hortensia;11;3.65
11/01/2021;269481735;Camelia;3;0.48
11/01/2021;269481735;Anemone;2;1.67
11/01/2021;672849135;Rose;2;0.61
11/01/2021;651982473;Edelweiss;4;0.56
11/01/2021;275381649;Tiare;1;0.88
11/01/2021;346198275;Lys;3;0.22
11/01/2021;346198275;Paquerette;20;0.65
11/01/2021;672849135;Coquelicot;1;0.25
11/01/2021;482519367;Oeillet;2;0.39
11/01/2021;269481735;Jasmin;2;0.16
11/01/2021;503827451;Crocus;1;0.3
11/01/2021;275381649;Violette;2;0.25
15/01/2021;672849135;Hortensia;8;1.49
15/01/2021;842619375;Jasmin;21;2.49
15/01/2021;275381649;Chrysantheme;12;0.87
15/01/2021;275381649;Camelia;8;0.59
15/01/2021;275381649;Tournesol;9;0.72
15/01/2021;482519367;Lys;4;1.37
15/01/2021;651982473;Violette;3;0.36
15/01/2021;651982473;Pivoine;10;1.63
15/01/2021;651982473;Edelweiss;4;0.76
15/01/2021;842619375;Rose;11;0.54
15/01/2021;269481735;Tulipe;3;0.35
15/01/2021;651982473;Tiare;1;2.99
15/01/2021;346198275;Coquelicot;1;0.24
15/01/2021;842619375;Oeillet;1;0.61
18/01/2021;842619375;Narcisse;29;0.81
18/01/2021;275381649;Jasmin;2;2.1
18/01/2021;482519367;Pivoine;1;1.02
18/01/2021;842619375;Crocus;19;0.42
18/01/2021;346198275;Hortensia;7;3.92
18/01/2021;503827451;Violette;2;0.13
18/01/2021;672849135;Lys;2;1.28
18/01/2021;842619375;Coquelicot;19;0.25
18/01/2021;269481735;Camelia;4;0.98
18/01/2021;346198275;Oeillet;7;0.41
18/01/2021;651982473;Rose;18;0.44
18/01/2021;482519367;Edelweiss;1;0.37
18/01/2021;672849135;Chrysantheme;2;0.5
18/01/2021;651982473;Paquerette;4;0.64
18/01/2021;269481735;Anemone;1;1.48
18/01/2021;346198275;Mimosa;7;1.79
18/01/2021;672849135;Tournesol;3;0.51
18/01/2021;672849135;Glaieul;1;0.86
18/01/2021;672849135;Dahlia;12;0.8
19/01/2021;275381649;Hortensia;11;2.83
19/01/2021;842619375;Crocus;1;0.49
19/01/2021;275381649;Rose;8;0.11
19/01/2021;275381649;Coquelicot;4;0.23
19/01/2021;503827451;Glaieul;9;0.15
19/01/2021;269481735;Oeillet;5;0.42
19/01/2021;346198275;Dahlia;6;0.19
19/01/2021;842619375;Tulipe;13;0.43
19/01/2021;672849135;Edelweiss;21;2.75
19/01/2021;275381649;Mimosa;8;2.17
19/01/2021;503827451;Chrysantheme;5;0.66
19/01/2021;482519367;Tournesol;10;0.2
19/01/2021;482519367;Lys;1;1.49
22/01/2021;275381649;Camelia;16;0.38
22/01/2021;346198275;Edelweiss;14;2.35
22/01/2021;269481735;Narcisse;1;0.51
22/01/2021;503827451;Rose;10;0.35
22/01/2021;503827451;Glaieul;3;0.41
22/01/2021;269481735;Dahlia;14;0.12
22/01/2021;842619375;Paquerette;4;0.38
22/01/2021;275381649;Tournesol;9;0.76
22/01/2021;651982473;Lys;20;1.0
22/01/2021;482519367;Jasmin;8;0.19
22/01/2021;482519367;Coquelicot;5;0.38
22/01/2021;842619375;Anemone;9;0.11
22/01/2021;651982473;Chrysantheme;1;0.43
22/01/2021;482519367;Oeillet;1;0.1
22/01/2021;503827451;Violette;2;0.34
22/01/2021;672849135;Mimosa;4;0.26
22/01/2021;503827451;Crocus;4;0.4
14/01/2021;672849135;Coquelicot;9;0.32
14/01/2021;672849135;Crocus;1;0.15
14/01/2021;503827451;Edelweiss;3;2.96
14/01/2021;503827451;Dahlia;1;0.67
14/01/2021;269481735;Tulipe;4;0.63
14/01/2021;269481735;Glaieul;1;0.28
27/01/2021;842619375;Tiare;5;0.98
27/01/2021;269481735;Dahlia;3;1.09
27/01/2021;672849135;Pivoine;1;1.15
27/01/2021;275381649;Oeillet;5;0.34
27/01/2021;503827451;Anemone;8;0.13
27/01/2021;275381649;Tournesol;2;0.59
27/01/2021;672849135;Mimosa;9;2.38
27/01/2021;842619375;Hortensia;5;1.43
27/01/2021;482519367;Narcisse;5;1.04
27/01/2021;482519367;Rose;15;0.16
27/01/2021;672849135;Tulipe;2;0.63
27/01/2021;672849135;Coquelicot;1;0.48
25/01/2021;482519367;Rose;9;0.11
25/01/2021;503827451;Mimosa;4;1.27
25/01/2021;346198275;Jasmin;2;2.34
25/01/2021;842619375;Chrysantheme;9;0.69
25/01/2021;651982473;Tournesol;4;0.76
25/01/2021;275381649;Anemone;1;1.54
25/01/2021;503827451;Camelia;4;1.14
25/01/2021;269481735;Pivoine;1;0.86
25/01/2021;503827451;Narcisse;3;0.15
25/01/2021;275381649;Coquelicot;4;0.32
25/01/2021;842619375;Hortensia;1;1.04
29/01/2021;503827451;Tiare;32;2.17
29/01/2021;672849135;Hortensia;52;3.92
29/01/2021;346198275;Dahlia;29;1.29
29/01/2021;269481735;Violette;15;0.5
29/01/2021;482519367;Crocus;12;0.26
29/01/2021;346198275;Glaieul;20;0.75
29/01/2021;482519367;Jasmin;13;2.38
29/01/2021;275381649;Paquerette;14;0.34
29/01/2021;503827451;Anemone;24;0.24
29/01/2021;275381649;Rose;15;0.41
29/01/2021;482519367;Pivoine;19;1.0
29/01/2021;503827451;Camelia;19;1.05
29/01/2021;672849135;Chrysantheme;29;0.57
29/01/2021;651982473;Narcisse;18;0.81
29/01/2021;275381649;Tournesol;22;0.28
29/01/2021;651982473;Tulipe;1;0.27
29/01/2021;482519367;Lys;40;0.64
29/01/2021;346198275;Edelweiss;8;3.24
29/01/2021;275381649;Coquelicot;14;0.4
29/01/2021;672849135;Oeillet;11;0.64
29/01/2021;346198275;Mimosa;13;0.79
28/01/2021;269481735;Tournesol;1;0.88
28/01/2021;482519367;Rose;6;0.49
28/01/2021;503827451;Camelia;1;1.3
28/01/2021;269481735;Edelweiss;8;0.41
28/01/2021;503827451;Coquelicot;1;0.1
28/01/2021;651982473;Lys;1;0.72
26/01/2021;346198275;Glaieul;8;0.22
26/01/2021;672849135;Narcisse;4;0.57
26/01/2021;269481735;Anemone;5;0.3
26/01/2021;269481735;Dahlia;4;0.18
26/01/2021;482519367;Paquerette;11;0.48
25/10/2021;672849135;Tiare;4;2.98
25/10/2021;275381649;Tulipe;12;0.13
25/10/2021;346198275;Anemone;10;1.16
25/10/2021;842619375;Oeillet;2;0.37
25/10/2021;269481735;Crocus;7;0.43
25/10/2021;672849135;Glaieul;4;0.9
25/10/2021;482519367;Pivoine;8;0.65
25/10/2021;275381649;Camelia;4;2.79
25/10/2021;651982473;Chrysantheme;1;0.67
25/10/2021;346198275;Paquerette;3;0.6
25/10/2021;842619375;Lys;4;1.37
14/10/2021;651982473;Coquelicot;21;0.35
14/10/2021;651982473;Lys;1;0.84
14/10/2021;269481735;Pivoine;8;1.33
14/10/2021;275381649;Oeillet;3;0.39
14/10/2021;842619375;Dahlia;4;0.84
14/10/2021;269481735;Mimosa;3;0.84
14/10/2021;651982473;Paquerette;1;0.48
14/10/2021;842619375;Crocus;1;0.12
14/10/2021;672849135;Chrysantheme;9;0.9
13/10/2021;503827451;Anemone;7;1.06
13/10/2021;269481735;Jasmin;5;2.35
13/10/2021;651982473;Tournesol;1;0.45
13/10/2021;482519367;Tiare;2;2.37
13/10/2021;269481735;Paquerette;1;0.6
13/10/2021;346198275;Coquelicot;1;0.39
13/10/2021;346198275;Edelweiss;6;1.43
13/10/2021;651982473;Dahlia;1;1.05
11/10/2021;651982473;Edelweiss;14;1.62
11/10/2021;269481735;Paquerette;9;0.37
11/10/2021;269481735;Tiare;3;1.03
11/10/2021;672849135;Pivoine;19;0.82
11/10/2021;503827451;Anemone;3;0.77
11/10/2021;651982473;Tournesol;2;0.21
11/10/2021;346198275;Coquelicot;1;0.29
11/10/2021;346198275;Jasmin;5;1.58
11/10/2021;672849135;Oeillet;5;0.13
11/10/2021;503827451;Violette;17;0.35
11/10/2021;503827451;Lys;15;0.79
26/10/2021;482519367;Narcisse;3;0.29
26/10/2021;651982473;Lys;18;0.95
26/10/2021;482519367;Dahlia;20;0.15
26/10/2021;503827451;Glaieul;12;0.65
26/10/2021;842619375;Anemone;10;1.23
26/10/2021;672849135;Paquerette;6;0.69
26/10/2021;672849135;Crocus;4;0.42
26/10/2021;672849135;Rose;2;0.6
26/10/2021;503827451;Tournesol;3;0.38
26/10/2021;269481735;Jasmin;2;0.83
26/10/2021;269481735;Edelweiss;7;2.71
26/10/2021;503827451;Hortensia;2;1.98
26/10/2021;672849135;Coquelicot;1;0.1
26/10/2021;482519367;Tiare;6;1.26
26/10/2021;842619375;Camelia;20;2.64
28/10/2021;842619375;Tiare;13;2.55
28/10/2021;346198275;Pivoine;7;0.9
28/10/2021;651982473;Jasmin;3;1.33
28/10/2021;651982473;Mimosa;10;1.71
28/10/2021;346198275;Edelweiss;4;0.55
28/10/2021;672849135;Lys;7;0.44
28/10/2021;503827451;Camelia;5;2.71
28/10/2021;672849135;Oeillet;6;0.49
28/10/2021;842619375;Glaieul;2;0.88
28/10/2021;269481735;Tournesol;11;0.98
28/10/2021;503827451;Paquerette;4;0.53
28/10/2021;346198275;Crocus;14;0.23
28/10/2021;275381649;Rose;15;0.56
28/10/2021;275381649;Dahlia;1;1.04
28/10/2021;503827451;Narcisse;16;0.76
28/10/2021;842619375;Chrysantheme;1;0.43
28/10/2021;346198275;Violette;7;0.17
28/10/2021;269481735;Hortensia;15;3.95
22/10/2021;842619375;Pivoine;3;0.99
22/10/2021;346198275;Mimosa;14;2.24
22/10/2021;842619375;Paquerette;9;0.33
22/10/2021;269481735;Camelia;11;2.15
22/10/2021;269481735;Chrysantheme;11;0.8
22/10/2021;269481735;Oeillet;4;0.47
22/10/2021;269481735;Tournesol;18;0.55
22/10/2021;275381649;Tiare;2;2.81
22/10/2021;275381649;Violette;1;0.19
22/10/2021;269481735;Lys;3;0.6
22/10/2021;275381649;Jasmin;4;2.15
22/10/2021;842619375;Anemone;1;0.48
22/10/2021;346198275;Dahlia;15;1.26
22/10/2021;651982473;Hortensia;6;0.16
22/10/2021;482519367;Coquelicot;12;0.13
22/10/2021;651982473;Narcisse;10;0.22
22/10/2021;269481735;Tulipe;1;0.19
19/10/2021;346198275;Violette;8;0.4
19/10/2021;651982473;Hortensia;5;3.22
19/10/2021;269481735;Pivoine;1;0.91
19/10/2021;842619375;Paquerette;1;0.1
19/10/2021;842619375;Coquelicot;3;0.42
19/10/2021;346198275;Oeillet;1;0.29
19/10/2021;269481735;Tulipe;5;0.39
19/10/2021;269481735;Camelia;1;2.87
19/10/2021;275381649;Lys;1;0.63
29/10/2021;842619375;Tulipe;9;0.37
29/10/2021;482519367;Dahlia;10;0.8
29/10/2021;346198275;Pivoine;15;2.19
29/10/2021;672849135;Jasmin;1;2.08
29/10/2021;672849135;Narcisse;2;0.65
29/10/2021;672849135;Anemone;1;1.38
29/10/2021;346198275;Tournesol;12;0.35
29/10/2021;672849135;Hortensia;3;2.58
29/10/2021;275381649;Glaieul;1;0.62
29/10/2021;275381649;Rose;2;0.85
29/10/2021;503827451;Chrysantheme;10;0.57
29/10/2021;503827451;Crocus;4;0.36
29/10/2021;842619375;Coquelicot;11;0.42
29/10/2021;672849135;Tiare;17;0.62
29/10/2021;503827451;Camelia;25;2.9
29/10/2021;269481735;Violette;1;0.49
29/10/2021;275381649;Lys;1;0.38
21/10/2021;482519367;Tulipe;19;0.19
21/10/2021;842619375;Chrysantheme;4;0.42
21/10/2021;842619375;Tiare;15;1.52
21/10/2021;672849135;Oeillet;9;0.51
21/10/2021;503827451;Rose;1;0.23
21/10/2021;275381649;Hortensia;6;1.08
21/10/2021;269481735;Crocus;1;0.36
05/11/2021;275381649;Jasmin;16;1.2
05/11/2021;503827451;Mimosa;15;1.35
05/11/2021;842619375;Rose;19;0.62
05/11/2021;275381649;Oeillet;4;0.49
05/11/2021;346198275;Narcisse;6;1.12
05/11/2021;842619375;Paquerette;3;0.58
05/11/2021;482519367;Anemone;6;1.6
05/11/2021;482519367;Crocus;7;0.47
05/11/2021;275381649;Chrysantheme;2;0.49
05/11/2021;672849135;Lys;5;0.44
05/11/2021;503827451;Violette;13;0.37
05/11/2021;346198275;Hortensia;4;3.19
05/11/2021;346198275;Edelweiss;9;2.7
05/11/2021;672849135;Coquelicot;2;0.18
05/11/2021;269481735;Glaieul;3;0.93
05/11/2021;672849135;Tiare;1;2.84
05/11/2021;269481735;Tournesol;5;0.23
05/11/2021;346198275;Dahlia;2;0.84
05/11/2021;346198275;Pivoine;7;1.56
05/11/2021;651982473;Tulipe;1;0.38
08/11/2021;269481735;Coquelicot;6;0.1
08/11/2021;269481735;Jasmin;11;1.09
08/11/2021;269481735;Violette;10;0.2
08/11/2021;672849135;Anemone;8;0.82
08/11/2021;842619375;Paquerette;5;0.52
08/11/2021;482519367;Crocus;4;0.39
08/11/2021;269481735;Mimosa;2;1.29
08/11/2021;672849135;Tournesol;3;0.82
08/11/2021;346198275;Chrysantheme;9;0.39
08/11/2021;269481735;Glaieul;12;0.99
08/11/2021;346198275;Dahlia;1;1.23
08/11/2021;672849135;Narcisse;11;0.79
08/11/2021;346198275;Oeillet;1;0.7
08/11/2021;503827451;Tulipe;3;0.23
08/11/2021;275381649;Hortensia;10;2.24
27/10/2021;672849135;Anemone;4;1.58
27/10/2021;842619375;Violette;1;0.11
27/10/2021;672849135;Chrysantheme;1;0.61
27/10/2021;482519367;Glaieul;1;0.97
27/10/2021;842619375;Paquerette;2;0.49
27/10/2021;346198275;Rose;1;0.5
27/10/2021;275381649;Narcisse;4;1.04
27/10/2021;275381649;Edelweiss;1;1.15
03/11/2021;503827451;Lys;24;0.83
03/11/2021;346198275;Oeillet;6;0.15
03/11/2021;269481735;Hortensia;2;3.99
03/11/2021;275381649;Tournesol;36;0.21
03/11/2021;672849135;Rose;22;0.24
03/11/2021;672849135;Coquelicot;12;0.46
03/11/2021;482519367;Violette;12;0.17
03/11/2021;275381649;Anemone;5;1.27
03/11/2021;275381649;Chrysantheme;6;0.59
03/11/2021;672849135;Crocus;2;0.15
03/11/2021;503827451;Narcisse;8;0.46
03/11/2021;269481735;Edelweiss;14;2.02
03/11/2021;269481735;Camelia;18;2.76
03/11/2021;503827451;Tulipe;7;0.63
03/11/2021;503827451;Mimosa;9;2.19
03/11/2021;346198275;Paquerette;14;0.13
03/11/2021;651982473;Glaieul;1;0.36
03/11/2021;346198275;Dahlia;4;0.93
03/11/2021;275381649;Jasmin;2;0.74
03/11/2021;269481735;Pivoine;1;1.84
10/11/2021;275381649;Violette;40;0.36
10/11/2021;275381649;Pivoine;37;2.06
10/11/2021;672849135;Lys;11;0.89
10/11/2021;842619375;Mimosa;21;0.63
10/11/2021;482519367;Chrysantheme;20;0.64
10/11/2021;842619375;Tiare;42;0.63
10/11/2021;482519367;Glaieul;32;0.23
10/11/2021;269481735;Tulipe;31;0.43
10/11/2021;651982473;Narcisse;41;0.47
10/11/2021;672849135;Edelweiss;59;3.48
10/11/2021;275381649;Oeillet;22;0.38
10/11/2021;275381649;Dahlia;16;1.13
10/11/2021;672849135;Camelia;59;1.0
10/11/2021;651982473;Coquelicot;22;0.47
10/11/2021;346198275;Rose;33;0.58
10/11/2021;346198275;Crocus;21;0.41
10/11/2021;503827451;Tournesol;70;0.73
10/11/2021;346198275;Anemone;29;0.11
10/11/2021;269481735;Paquerette;21;0.13
10/11/2021;346198275;Hortensia;25;3.15
10/11/2021;842619375;Jasmin;20;1.54
02/11/2021;269481735;Camelia;2;1.91
02/11/2021;269481735;Hortensia;11;2.97
02/11/2021;346198275;Tournesol;4;0.99
02/11/2021;482519367;Violette;15;0.44
02/11/2021;482519367;Paquerette;10;0.28
02/11/2021;269481735;Mimosa;2;1.56
02/11/2021;275381649;Coquelicot;6;0.45
02/11/2021;346198275;Dahlia;4;0.59
02/11/2021;651982473;Tiare;5;1.41
02/11/2021;346198275;Crocus;4;0.42
09/11/2021;275381649;Pivoine;11;1.44
09/11/2021;651982473;Violette;13;0.2
09/11/2021;651982473;Tiare;11;1.15
09/11/2021;842619375;Oeillet;14;0.73
09/11/2021;269481735;Glaieul;5;0.88
09/11/2021;275381649;Anemone;6;1.73
09/11/2021;651982473;Jasmin;19;0.77
09/11/2021;651982473;Tournesol;4;0.98
09/11/2021;672849135;Dahlia;12;0.97
09/11/2021;651982473;Narcisse;16;1.12
09/11/2021;503827451;Tulipe;9;0.5
09/11/2021;346198275;Hortensia;6;1.48
09/11/2021;482519367;Camelia;4;1.87
09/11/2021;269481735;Edelweiss;2;0.72
09/11/2021;482519367;Chrysantheme;3;0.89
04/11/2021;651982473;Camelia;20;1.39
04/11/2021;275381649;Mimosa;10;0.26
04/11/2021;651982473;Violette;4;0.17
04/11/2021;651982473;Oeillet;9;0.47
04/11/2021;269481735;Lys;1;0.29
04/11/2021;842619375;Edelweiss;4;1.37
04/11/2021;672849135;Tulipe;2;0.15
04/11/2021;269481735;Rose;2;0.2
04/11/2021;269481735;Crocus;1;0.45
04/11/2021;275381649;Anemone;9;1.11
04/11/2021;842619375;Dahlia;1;1.5
04/11/2021;269481735;Paquerette;1;0.33
04/11/2021;503827451;Chrysantheme;1;0.63
05/04/2022;672849135;Tiare;6;0.97
05/04/2022;275381649;Coquelicot;7;0.31
05/04/2022;651982473;Dahlia;5;0.53
05/04/2022;503827451;Oeillet;2;0.74
05/04/2022;672849135;Jasmin;1;1.96
05/04/2022;842619375;Hortensia;5;3.45
05/04/2022;269481735;Tulipe;4;0.16
05/04/2022;346198275;Tournesol;12;0.29
05/04/2022;672849135;Mimosa;5;1.76
18/04/2022;672849135;Dahlia;5;0.17
18/04/2022;672849135;Rose;1;0.16
18/04/2022;672849135;Coquelicot;4;0.11
18/04/2022;269481735;Glaieul;3;0.46
18/04/2022;651982473;Mimosa;1;1.61
18/04/2022;842619375;Lys;5;0.46
19/04/2022;346198275;Hortensia;6;1.28
19/04/2022;503827451;Glaieul;7;0.43
19/04/2022;275381649;Oeillet;2;0.6
19/04/2022;503827451;Coquelicot;4;0.44
19/04/2022;651982473;Paquerette;16;0.2
19/04/2022;275381649;Edelweiss;3;2.4
19/04/2022;482519367;Rose;1;0.36
19/04/2022;482519367;Tiare;18;1.07
19/04/2022;503827451;Tulipe;10;0.32
19/04/2022;482519367;Tournesol;3;0.53
19/04/2022;503827451;Crocus;5;0.26
19/04/2022;842619375;Narcisse;3;0.72
19/04/2022;503827451;Anemone;3;1.04
19/04/2022;503827451;Jasmin;13;0.84
27/04/2022;672849135;Crocus;19;0.17
27/04/2022;275381649;Mimosa;10;2.21
27/04/2022;275381649;Tulipe;19;0.14
27/04/2022;503827451;Pivoine;7;1.24
27/04/2022;275381649;Glaieul;1;0.49
27/04/2022;346198275;Chrysantheme;5;0.27
27/04/2022;275381649;Lys;13;1.35
27/04/2022;842619375;Dahlia;2;1.14
27/04/2022;269481735;Narcisse;15;0.64
27/04/2022;269481735;Rose;15;0.65
27/04/2022;503827451;Violette;9;0.15
27/04/2022;346198275;Hortensia;7;1.19
27/04/2022;346198275;Camelia;2;2.27
29/04/2022;275381649;Pivoine;48;0.33
29/04/2022;842619375;Tulipe;67;0.36
29/04/2022;269481735;Tournesol;51;1.0
29/04/2022;651982473;Violette;35;0.26
29/04/2022;651982473;Rose;26;0.43
29/04/2022;842619375;Coquelicot;68;0.42
29/04/2022;672849135;Lys;56;0.82
29/04/2022;275381649;Glaieul;57;0.65
29/04/2022;269481735;Hortensia;94;3.83
29/04/2022;672849135;Oeillet;91;0.2
29/04/2022;346198275;Narcisse;70;0.18
29/04/2022;672849135;Chrysantheme;22;0.47
29/04/2022;842619375;Camelia;51;0.21
29/04/2022;842619375;Anemone;44;0.61
29/04/2022;503827451;Paquerette;50;0.72
29/04/2022;346198275;Tiare;66;0.86
29/04/2022;672849135;Crocus;69;0.3
29/04/2022;269481735;Dahlia;61;0.83
29/04/2022;672849135;Mimosa;61;0.83
29/04/2022;482519367;Edelweiss;67;0.62
29/04/2022;275381649;Jasmin;49;0.41
13/04/2022;346198275;Oeillet;4;0.21
13/04/2022;482519367;Hortensia;11;2.39
13/04/2022;503827451;Tournesol;5;0.17
13/04/2022;482519367;Anemone;1;0.18
13/04/2022;672849135;Lys;1;0.52
13/04/2022;651982473;Tulipe;2;0.16
13/04/2022;275381649;Tiare;8;2.49
13/04/2022;275381649;Jasmin;1;0.39
13/04/2022;503827451;Paquerette;1;0.28
13/04/2022;275381649;Camelia;9;0.23
13/04/2022;651982473;Glaieul;1;0.52
25/04/2022;672849135;Coquelicot;9;0.32
25/04/2022;672849135;Camelia;6;0.88
25/04/2022;842619375;Tulipe;4;0.41
25/04/2022;503827451;Tiare;4;0.37
25/04/2022;269481735;Paquerette;11;0.29
25/04/2022;275381649;Hortensia;6;0.5
25/04/2022;482519367;Crocus;12;0.19
25/04/2022;842619375;Lys;3;0.42
25/04/2022;672849135;Violette;4;0.22
25/04/2022;842619375;Chrysantheme;1;0.45
25/04/2022;503827451;Narcisse;6;1.24
25/04/2022;269481735;Glaieul;11;0.38
25/04/2022;842619375;Pivoine;1;0.56
20/04/2022;672849135;Camelia;24;2.48
20/04/2022;672849135;Dahlia;10;0.99
20/04/2022;672849135;Glaieul;18;0.45
20/04/2022;482519367;Pivoine;13;1.04
20/04/2022;482519367;Tiare;4;1.08
20/04/2022;346198275;Crocus;36;0.33
20/04/2022;482519367;Violette;6;0.34
20/04/2022;269481735;Lys;9;1.02
20/04/2022;503827451;Tulipe;5;0.21
20/04/2022;503827451;Narcisse;11;0.37
20/04/2022;672849135;Anemone;6;1.14
20/04/2022;651982473;Paquerette;19;0.69
20/04/2022;275381649;Coquelicot;6;0.32
20/04/2022;842619375;Oeillet;2;0.15
20/04/2022;482519367;Tournesol;5;0.76
20/04/2022;503827451;Jasmin;17;2.45
20/04/2022;275381649;Rose;21;0.11
20/04/2022;503827451;Edelweiss;5;0.73
20/04/2022;651982473;Hortensia;2;0.2
20/04/2022;503827451;Mimosa;1;2.16
22/04/2022;503827451;Glaieul;1;0.46
22/04/2022;482519367;Tulipe;2;0.39
22/04/2022;672849135;Lys;2;0.5
22/04/2022;842619375;Coquelicot;9;0.31
22/04/2022;275381649;Violette;1;0.14
22/04/2022;651982473;Mimosa;1;1.99
22/04/2022;651982473;Narcisse;9;1.23
22/04/2022;482519367;Dahlia;10;1.45
21/04/2022;482519367;Hortensia;2;3.99
21/04/2022;269481735;Paquerette;1;0.25
21/04/2022;482519367;Glaieul;2;0.89
21/04/2022;672849135;Oeillet;4;0.29
21/04/2022;275381649;Violette;11;0.35
21/04/2022;651982473;Dahlia;3;0.84
12/04/2022;503827451;Violette;4;0.41
12/04/2022;651982473;Tulipe;1;0.56
12/04/2022;651982473;Tournesol;1;0.66
12/04/2022;275381649;Jasmin;4;1.07
12/04/2022;275381649;Tiare;8;2.5
12/04/2022;651982473;Edelweiss;2;0.78
12/04/2022;346198275;Pivoine;1;0.51
26/04/2022;275381649;Rose;3;0.13
26/04/2022;651982473;Crocus;1;0.43
26/04/2022;503827451;Oeillet;7;0.31
26/04/2022;482519367;Narcisse;6;0.92
26/04/2022;346198275;Camelia;3;0.25
26/04/2022;503827451;Chrysantheme;2;0.46
26/04/2022;346198275;Lys;12;1.18
26/04/2022;651982473;Mimosa;4;1.28
26/04/2022;842619375;Coquelicot;2;0.15
26/04/2022;269481735;Violette;3;0.39
26/04/2022;503827451;Edelweiss;11;1.14
26/04/2022;269481735;Glaieul;19;0.86
26/04/2022;842619375;Paquerette;1;0.7
26/04/2022;842619375;Anemone;1;0.89
26/04/2022;842619375;Tulipe;1;0.35
16/12/2022;503827451;Jasmin;2;1.48
16/12/2022;503827451;Rose;3;0.98
16/12/2022;651982473;Anemone;1;0.13
16/12/2022;482519367;Chrysantheme;19;0.16
16/12/2022;482519367;Tournesol;2;0.13
16/12/2022;651982473;Edelweiss;6;1.59
16/12/2022;503827451;Violette;3;0.16
16/12/2022;275381649;Camelia;13;0.14
16/12/2022;275381649;Narcisse;4;0.63
26/12/2022;842619375;Dahlia;28;1.16
26/12/2022;672849135;Anemone;8;0.67
26/12/2022;651982473;Lys;16;1.21
26/12/2022;269481735;Tournesol;9;0.46
26/12/2022;672849135;Oeillet;6;0.49
26/12/2022;503827451;Paquerette;5;0.4
26/12/2022;346198275;Edelweiss;16;2.16
26/12/2022;503827451;Glaieul;1;0.15
26/12/2022;651982473;Camelia;4;2.48
26/12/2022;275381649;Crocus;10;0.22
26/12/2022;346198275;Mimosa;3;1.1
26/12/2022;482519367;Rose;2;0.45
26/12/2022;346198275;Tiare;3;1.86
26/12/2022;842619375;Jasmin;1;2.34
08/12/2022;346198275;Lys;7;1.14
08/12/2022;503827451;Hortensia;7;2.0
08/12/2022;651982473;Glaieul;1;0.43
08/12/2022;503827451;Mimosa;1;2.04
08/12/2022;275381649;Tulipe;1;0.21
22/12/2022;503827451;Glaieul;22;0.82
22/12/2022;672849135;Paquerette;9;0.44
22/12/2022;269481735;Coquelicot;6;0.18
22/12/2022;651982473;Camelia;26;2.34
22/12/2022;275381649;Mimosa;2;1.73
22/12/2022;482519367;Tournesol;20;0.25
22/12/2022;269481735;Dahlia;10;1.12
22/12/2022;269481735;Jasmin;12;0.34
22/12/2022;672849135;Pivoine;27;2.19
22/12/2022;482519367;Edelweiss;11;2.72
22/12/2022;482519367;Anemone;3;1.42
22/12/2022;346198275;Lys;2;0.52
22/12/2022;672849135;Crocus;6;0.37
22/12/2022;346198275;Hortensia;4;0.1
22/12/2022;482519367;Chrysantheme;3;0.46
22/12/2022;269481735;Violette;1;0.43
15/12/2022;275381649;Glaieul;9;0.75
15/12/2022;482519367;Pivoine;2;1.53
15/12/2022;651982473;Dahlia;2;1.26
15/12/2022;842619375;Edelweiss;2;0.39
15/12/2022;503827451;Mimosa;3;1.53
15/12/2022;842619375;Narcisse;4;0.15
15/12/2022;503827451;Coquelicot;7;0.39
15/12/2022;269481735;Hortensia;1;3.27
15/12/2022;482519367;Rose;1;0.78
15/12/2022;503827451;Tournesol;1;0.86
15/12/2022;269481735;Oeillet;2;0.2
21/12/2022;672849135;Dahlia;7;0.65
21/12/2022;651982473;Anemone;16;0.42
21/12/2022;346198275;Tulipe;2;0.62
21/12/2022;482519367;Jasmin;5;2.28
21/12/2022;842619375;Oeillet;1;0.32
21/12/2022;346198275;Tournesol;24;0.92
21/12/2022;842619375;Coquelicot;13;0.48
21/12/2022;842619375;Violette;14;0.26
21/12/2022;672849135;Chrysantheme;2;0.27
21/12/2022;482519367;Tiare;7;1.74
21/12/2022;482519367;Narcisse;8;0.79
21/12/2022;651982473;Mimosa;3;1.18
21/12/2022;482519367;Crocus;3;0.33
21/12/2022;269481735;Lys;7;0.25
21/12/2022;346198275;Rose;7;0.89
21/12/2022;275381649;Paquerette;9;0.56
21/12/2022;651982473;Glaieul;4;0.32
21/12/2022;842619375;Pivoine;8;0.22
28/12/2022;842619375;Glaieul;6;0.14
28/12/2022;275381649;Rose;5;0.83
28/12/2022;269481735;Narcisse;2;1.08
28/12/2022;269481735;Camelia;2;1.13
28/12/2022;275381649;Oeillet;1;0.5
28/12/2022;346198275;Tulipe;8;0.14
28/12/2022;672849135;Tournesol;3;0.25
28/12/2022;275381649;Paquerette;9;0.51
28/12/2022;651982473;Crocus;1;0.38
28/12/2022;651982473;Lys;8;1.46
28/12/2022;275381649;Pivoine;8;2.22
28/12/2022;672849135;Dahlia;1;0.82
28/12/2022;275381649;Jasmin;5;1.12
12/12/2022;346198275;Tournesol;20;0.6
12/12/2022;482519367;Narcisse;1;0.8
12/12/2022;482519367;Mimosa;3;2.32
12/12/2022;672849135;Tiare;5;1.45
12/12/2022;842619375;Hortensia;1;0.85
12/12/2022;842619375;Rose;1;0.16
12/12/2022;275381649;Crocus;17;0.18
23/12/2022;672849135;Tournesol;4;0.41
23/12/2022;346198275;Paquerette;17;0.11
23/12/2022;482519367;Dahlia;9;0.49
23/12/2022;842619375;Crocus;29;0.1
23/12/2022;346198275;Narcisse;6;1.18
23/12/2022;346198275;Chrysantheme;11;0.85
23/12/2022;503827451;Pivoine;1;1.07
23/12/2022;672849135;Anemone;3;1.4
23/12/2022;346198275;Hortensia;2;1.38
23/12/2022;275381649;Glaieul;1;0.93
23/12/2022;269481735;Camelia;5;2.48
23/12/2022;275381649;Lys;5;1.1
23/12/2022;651982473;Edelweiss;15;3.01
23/12/2022;651982473;Mimosa;6;0.15
29/12/2022;842619375;Mimosa;40;1.69
29/12/2022;672849135;Rose;59;0.95
29/12/2022;651982473;Chrysantheme;50;0.79
29/12/2022;275381649;Narcisse;72;0.95
29/12/2022;482519367;Dahlia;104;1.08
29/12/2022;672849135;Paquerette;60;0.32
29/12/2022;275381649;Hortensia;63;3.52
29/12/2022;346198275;Camelia;86;1.96
29/12/2022;672849135;Lys;39;1.08
29/12/2022;672849135;Glaieul;51;0.75
29/12/2022;275381649;Tournesol;26;0.54
29/12/2022;269481735;Anemone;28;0.37
29/12/2022;842619375;Crocus;24;0.18
29/12/2022;269481735;Edelweiss;57;0.88
29/12/2022;651982473;Violette;40;0.45
29/12/2022;346198275;Coquelicot;74;0.1
29/12/2022;275381649;Tulipe;37;0.44
29/12/2022;842619375;Tiare;40;0.39
29/12/2022;269481735;Jasmin;9;0.64
29/12/2022;269481735;Pivoine;7;1.53
29/12/2022;482519367;Oeillet;16;0.44
19/12/2022;482519367;Mimosa;4;0.38
19/12/2022;651982473;Paquerette;5;0.12
19/12/2022;269481735;Edelweiss;1;3.11
19/12/2022;503827451;Hortensia;1;3.6
20/12/2022;503827451;Paquerette;10;0.36
20/12/2022;275381649;Violette;1;0.26
20/12/2022;503827451;Tulipe;16;0.56
20/12/2022;651982473;Oeillet;3;0.15
20/12/2022;672849135;Camelia;1;2.21
20/12/2022;651982473;Pivoine;15;0.59
20/12/2022;482519367;Dahlia;2;0.58
20/12/2022;842619375;Lys;6;1.48
20/12/2022;275381649;Tournesol;5;0.88
20/12/2022;269481735;Chrysantheme;1;0.25
20/12/2022;651982473;Edelweiss;5;3.02
27/12/2022;672849135;Paquerette;17;0.67
27/12/2022;482519367;Rose;7;0.99
27/12/2022;651982473;Coquelicot;4;0.37
27/12/2022;842619375;Oeillet;8;0.72
27/12/2022;482519367;Tournesol;3;0.48
27/12/2022;503827451;Edelweiss;29;3.07
27/12/2022;503827451;Hortensia;4;2.16
27/12/2022;275381649;Crocus;13;0.24
27/12/2022;651982473;Dahlia;1;1.14
27/12/2022;651982473;Narcisse;4;0.96
27/12/2022;651982473;Chrysantheme;16;0.67
27/12/2022;346198275;Pivoine;5;1.44
27/12/2022;651982473;Mimosa;10;1.8
27/12/2022;482519367;Anemone;3;0.41
27/12/2022;346198275;Glaieul;1;0.36
27/12/2022;482519367;Tiare;7;1.18
27/12/2022;482519367;Violette;8;0.38
27/12/2022;651982473;Lys;17;0.1
27/12/2022;269481735;Tulipe;9;0.35
27/12/2022;842619375;Jasmin;18;1.19
06/06/2023;651982473;Mimosa;4;1.48
06/06/2023;269481735;Lys;3;0.83
06/06/2023;842619375;Anemone;1;1.44
06/06/2023;503827451;Coquelicot;3;0.44
08/06/2023;269481735;Tiare;12;0.52
08/06/2023;269481735;Narcisse;1;0.61
08/06/2023;482519367;Camelia;3;0.53
08/06/2023;482519367;Rose;3;0.8
07/06/2023;269481735;Jasmin;4;0.53
07/06/2023;651982473;Coquelicot;1;0.46
07/06/2023;842619375;Lys;10;0.76
15/06/2023;275381649;Rose;5;0.28
15/06/2023;346198275;Oeillet;4;0.25
15/06/2023;651982473;Paquerette;1;0.12
15/06/2023;275381649;Dahlia;10;0.56
15/06/2023;842619375;Lys;5;1.07
15/06/2023;482519367;Narcisse;6;0.71
15/06/2023;275381649;Anemone;15;0.99
15/06/2023;346198275;Glaieul;13;0.91
15/06/2023;651982473;Coquelicot;16;0.36
15/06/2023;275381649;Jasmin;5;0.29
15/06/2023;651982473;Violette;13;0.42
15/06/2023;842619375;Tiare;1;2.18
15/06/2023;269481735;Mimosa;1;0.93
15/06/2023;346198275;Chrysantheme;13;0.35
21/06/2023;842619375;Tulipe;7;0.37
21/06/2023;503827451;Hortensia;4;2.33
21/06/2023;346198275;Tiare;11;2.17
21/06/2023;275381649;Tournesol;10;0.66
21/06/2023;842619375;Jasmin;10;0.34
21/06/2023;482519367;Narcisse;2;0.38
21/06/2023;503827451;Coquelicot;4;0.12
21/06/2023;275381649;Camelia;1;1.11
21/06/2023;842619375;Oeillet;1;0.52
23/06/2023;269481735;Oeillet;4;0.23
23/06/2023;275381649;Tiare;25;1.78
23/06/2023;346198275;Jasmin;6;2.03
23/06/2023;842619375;Coquelicot;10;0.48
23/06/2023;842619375;Violette;8;0.48
23/06/2023;651982473;Paquerette;21;0.12
23/06/2023;482519367;Camelia;10;2.09
23/06/2023;651982473;Tournesol;12;0.22
23/06/2023;269481735;Crocus;3;0.24
23/06/2023;842619375;Narcisse;2;0.9
23/06/2023;346198275;Mimosa;6;1.12
23/06/2023;269481735;Rose;9;0.66
23/06/2023;275381649;Lys;2;0.62
23/06/2023;269481735;Tulipe;7;0.13
23/06/2023;651982473;Pivoine;5;1.9
23/06/2023;503827451;Hortensia;14;1.08
23/06/2023;672849135;Glaieul;3;0.93
23/06/2023;482519367;Chrysantheme;19;0.52
23/06/2023;503827451;Anemone;1;1.28
26/06/2023;842619375;Jasmin;1;2.38
26/06/2023;269481735;Edelweiss;19;0.82
26/06/2023;651982473;Narcisse;6;0.54
26/06/2023;346198275;Oeillet;5;0.52
26/06/2023;346198275;Tiare;7;2.42
26/06/2023;503827451;Tournesol;9;0.72
26/06/2023;672849135;Mimosa;11;1.2
26/06/2023;482519367;Lys;2;0.98
26/06/2023;269481735;Camelia;2;1.14
26/06/2023;275381649;Violette;7;0.12
26/06/2023;672849135;Chrysantheme;26;0.14
26/06/2023;651982473;Crocus;18;0.26
26/06/2023;651982473;Paquerette;13;0.34
26/06/2023;269481735;Pivoine;4;1.78
26/06/2023;842619375;Glaieul;1;0.62
26/06/2023;346198275;Rose;7;0.94
20/06/2023;346198275;Narcisse;7;0.62
20/06/2023;275381649;Dahlia;17;1.47
20/06/2023;269481735;Camelia;9;0.54
20/06/2023;482519367;Rose;1;0.47
20/06/2023;275381649;Glaieul;7;0.37
20/06/2023;651982473;Paquerette;2;0.38
20/06/2023;346198275;Oeillet;1;0.36
20/06/2023;269481735;Crocus;1;0.24
20/06/2023;842619375;Lys;3;1.44
20/06/2023;346198275;Jasmin;1;1.03
20/06/2023;269481735;Tulipe;13;0.2
20/06/2023;275381649;Hortensia;2;0.19
20/06/2023;651982473;Anemone;3;1.58
13/06/2023;482519367;Hortensia;6;2.92
13/06/2023;482519367;Lys;5;1.33
13/06/2023;482519367;Crocus;13;0.18
13/06/2023;672849135;Paquerette;2;0.55
19/06/2023;842619375;Edelweiss;16;2.73
19/06/2023;269481735;Chrysantheme;3;0.54
19/06/2023;651982473;Tulipe;6;0.16
19/06/2023;346198275;Rose;6;0.45
19/06/2023;672849135;Hortensia;4;3.43
19/06/2023;269481735;Oeillet;3;0.75
19/06/2023;651982473;Tournesol;3;0.17
19/06/2023;503827451;Anemone;2;0.1
19/06/2023;269481735;Coquelicot;22;0.28
19/06/2023;503827451;Pivoine;6;2.02
19/06/2023;842619375;Paquerette;7;0.42
19/06/2023;275381649;Crocus;14;0.31
19/06/2023;842619375;Lys;7;1.09
19/06/2023;482519367;Tiare;17;1.58
19/06/2023;269481735;Narcisse;17;0.81
19/06/2023;672849135;Dahlia;1;1.3
19/06/2023;482519367;Camelia;6;2.17
19/06/2023;503827451;Glaieul;1;0.96
19/06/2023;672849135;Jasmin;1;0.21
12/06/2023;269481735;Narcisse;6;0.45
12/06/2023;842619375;Coquelicot;4;0.16
12/06/2023;346198275;Mimosa;6;0.21
12/06/2023;482519367;Dahlia;1;0.27
12/06/2023;269481735;Lys;1;1.29
12/06/2023;672849135;Pivoine;12;1.46
12/06/2023;651982473;Edelweiss;2;1.15
12/06/2023;503827451;Glaieul;1;0.11
12/06/2023;651982473;Camelia;1;0.86
16/06/2023;842619375;Coquelicot;10;0.34
16/06/2023;275381649;Crocus;5;0.19
16/06/2023;275381649;Anemone;2;1.28
16/06/2023;482519367;Tulipe;1;0.17
16/06/2023;346198275;Tiare;13;1.06
16/06/2023;503827451;Mimosa;2;1.53
16/06/2023;269481735;Dahlia;1;0.93
16/06/2023;482519367;Pivoine;16;0.55
16/06/2023;503827451;Narcisse;1;0.71
16/06/2023;672849135;Edelweiss;1;2.12
29/06/2023;269481735;Crocus;92;0.48
29/06/2023;672849135;Tulipe;32;0.22
29/06/2023;503827451;Jasmin;29;1.39
29/06/2023;651982473;Tiare;62;2.12
29/06/2023;842619375;Narcisse;35;0.9
29/06/2023;269481735;Chrysantheme;107;0.19
29/06/2023;503827451;Paquerette;71;0.17
29/06/2023;275381649;Tournesol;57;0.93
29/06/2023;346198275;Anemone;52;1.7
29/06/2023;842619375;Camelia;47;1.81
29/06/2023;842619375;Hortensia;55;3.41
29/06/2023;275381649;Dahlia;48;0.61
29/06/2023;651982473;Pivoine;31;0.7
29/06/2023;269481735;Violette;70;0.29
29/06/2023;651982473;Rose;63;0.75
29/06/2023;672849135;Oeillet;57;0.11
29/06/2023;346198275;Mimosa;45;1.67
29/06/2023;482519367;Coquelicot;53;0.49
29/06/2023;503827451;Lys;67;1.42
29/06/2023;503827451;Glaieul;22;0.27
29/06/2023;651982473;Edelweiss;36;3.16
22/06/2023;346198275;Chrysantheme;4;0.81
22/06/2023;482519367;Coquelicot;2;0.16
22/06/2023;346198275;Hortensia;12;1.72
22/06/2023;842619375;Anemone;9;0.72
22/06/2023;503827451;Glaieul;1;0.7
22/06/2023;503827451;Tiare;2;1.43
22/06/2023;651982473;Tulipe;9;0.23
22/06/2023;842619375;Crocus;4;0.47
22/06/2023;503827451;Tournesol;2;0.86
22/06/2023;842619375;Edelweiss;3;2.7
22/06/2023;275381649;Rose;4;0.92
27/06/2023;269481735;Pivoine;10;2.11
27/06/2023;503827451;Narcisse;1;0.2
27/06/2023;672849135;Paquerette;1;0.47
28/06/2023;269481735;Hortensia;4;3.12
28/06/2023;842619375;Narcisse;2;0.59
28/06/2023;269481735;Anemone;18;1.08
28/06/2023;503827451;Tulipe;1;0.54
28/06/2023;269481735;Camelia;12;0.52
28/06/2023;482519367;Dahlia;5;0.63
28/06/2023;842619375;Coquelicot;1;0.11
28/06/2023;842619375;Oeillet;1;0.57
28/06/2023;269481735;Crocus;1;0.25
18/09/2024;842619375;Coquelicot;9;0.22
18/09/2024;346198275;Narcisse;4;0.62
18/09/2024;651982473;Dahlia;23;0.7
18/09/2024;651982473;Mimosa;3;1.53
18/09/2024;651982473;Violette;5;0.19
18/09/2024;672849135;Anemone;9;0.4
18/09/2024;503827451;Hortensia;9;1.28
18/09/2024;672849135;Oeillet;1;0.74
18/09/2024;672849135;Chrysantheme;5;0.79
18/09/2024;503827451;Camelia;7;0.27
18/09/2024;482519367;Tiare;1;1.63
18/09/2024;651982473;Pivoine;3;1.0
23/09/2024;346198275;Tulipe;8;0.27
23/09/2024;503827451;Lys;3;0.89
23/09/2024;346198275;Crocus;9;0.33
23/09/2024;672849135;Dahlia;5;0.4
23/09/2024;672849135;Pivoine;2;2.17
11/09/2024;482519367;Paquerette;4;0.72
11/09/2024;651982473;Tournesol;10;0.43
11/09/2024;672849135;Tiare;4;1.64
11/09/2024;482519367;Hortensia;2;0.8
11/09/2024;672849135;Chrysantheme;3;0.11
11/09/2024;482519367;Glaieul;3;0.94
11/09/2024;346198275;Pivoine;4;1.71
11/09/2024;651982473;Coquelicot;1;0.35
11/09/2024;503827451;Anemone;1;0.26
11/09/2024;503827451;Mimosa;2;0.52
10/09/2024;482519367;Tournesol;6;0.67
10/09/2024;482519367;Glaieul;5;0.73
10/09/2024;269481735;Tulipe;11;0.69
10/09/2024;346198275;Jasmin;1;1.53
10/09/2024;482519367;Anemone;1;1.31
16/09/2024;269481735;Violette;16;0.47
16/09/2024;503827451;Glaieul;5;0.2
16/09/2024;672849135;Lys;14;0.25
16/09/2024;269481735;Tournesol;1;0.13
16/09/2024;482519367;Crocus;1;0.2
25/09/2024;503827451;Pivoine;4;1.96
25/09/2024;346198275;Mimosa;5;1.19
25/09/2024;269481735;Glaieul;2;0.46
25/09/2024;842619375;Lys;4;1.03
25/09/2024;842619375;Jasmin;4;0.63
25/09/2024;482519367;Tulipe;6;0.22
25/09/2024;269481735;Narcisse;2;0.44
25/09/2024;842619375;Oeillet;5;0.25
25/09/2024;346198275;Coquelicot;2;0.1
25/09/2024;842619375;Edelweiss;1;1.87
25/09/2024;275381649;Dahlia;6;0.63
25/09/2024;346198275;Crocus;5;0.27
25/09/2024;346198275;Camelia;2;2.71
25/09/2024;842619375;Tiare;5;0.9
04/10/2024;503827451;Chrysantheme;7;0.25
04/10/2024;672849135;Paquerette;18;0.36
04/10/2024;842619375;Coquelicot;10;0.2
04/10/2024;651982473;Lys;15;0.35
04/10/2024;482519367;Tournesol;14;0.19
04/10/2024;672849135;Hortensia;3;2.97
04/10/2024;482519367;Violette;1;0.3
04/10/2024;651982473;Oeillet;3;0.73
04/10/2024;269481735;Glaieul;2;0.52
04/10/2024;482519367;Tulipe;11;0.15
04/10/2024;275381649;Tiare;9;1.3
04/10/2024;672849135;Pivoine;2;1.57
04/10/2024;842619375;Mimosa;1;2.37
04/10/2024;651982473;Narcisse;13;0.1
04/10/2024;672849135;Dahlia;3;0.38
04/10/2024;842619375;Edelweiss;6;1.83
04/10/2024;269481735;Jasmin;5;1.84
24/09/2024;269481735;Tournesol;10;0.31
24/09/2024;842619375;Pivoine;3;0.41
24/09/2024;275381649;Tulipe;7;0.69
24/09/2024;672849135;Lys;4;1.27
24/09/2024;275381649;Paquerette;13;0.47
24/09/2024;346198275;Rose;5;0.41
24/09/2024;651982473;Coquelicot;3;0.2
24/09/2024;269481735;Jasmin;9;1.63
24/09/2024;503827451;Camelia;7;2.52
24/09/2024;275381649;Mimosa;11;1.33
24/09/2024;482519367;Anemone;3;1.31
24/09/2024;503827451;Glaieul;10;0.65
24/09/2024;275381649;Hortensia;2;3.59
24/09/2024;503827451;Edelweiss;1;1.76
24/09/2024;482519367;Crocus;14;0.13
24/09/2024;672849135;Violette;1;0.47
02/10/2024;269481735;Oeillet;13;0.58
02/10/2024;269481735;Tournesol;4;0.21
02/10/2024;269481735;Anemone;1;1.37
02/10/2024;842619375;Rose;2;0.48
02/10/2024;275381649;Crocus;6;0.35
02/10/2024;482519367;Tulipe;1;0.68
02/10/2024;275381649;Chrysantheme;5;0.71
02/10/2024;651982473;Mimosa;6;2.12
02/10/2024;482519367;Narcisse;5;1.12
02/10/2024;482519367;Violette;1;0.12
02/10/2024;651982473;Dahlia;12;0.81
02/10/2024;503827451;Paquerette;6;0.14
02/10/2024;503827451;Hortensia;1;1.51
02/10/2024;346198275;Lys;3;0.58
02/10/2024;503827451;Jasmin;7;1.21
02/10/2024;503827451;Camelia;1;2.0
01/10/2024;842619375;Dahlia;4;0.68
01/10/2024;651982473;Glaieul;4;0.27
01/10/2024;672849135;Camelia;5;2.6
01/10/2024;672849135;Lys;1;1.02
01/10/2024;346198275;Chrysantheme;1;0.76
01/10/2024;842619375;Tulipe;3;0.19
01/10/2024;842619375;Jasmin;1;1.46
01/10/2024;269481735;Coquelicot;2;0.4
01/10/2024;672849135;Paquerette;2;0.53
01/10/2024;346198275;Tiare;3;2.19
30/09/2024;651982473;Paquerette;8;0.19
30/09/2024;482519367;Lys;5;0.51
30/09/2024;842619375;Anemone;2;1.42
30/09/2024;672849135;Crocus;1;0.4
30/09/2024;346198275;Dahlia;5;0.82
30/09/2024;275381649;Coquelicot;2;0.41
30/09/2024;503827451;Tulipe;1;0.47
30/09/2024;269481735;Glaieul;11;0.98
14/10/2024;275381649;Pivoine;8;1.03
14/10/2024;672849135;Camelia;6;0.87
14/10/2024;651982473;Rose;6;0.69
14/10/2024;269481735;Anemone;2;0.62
14/10/2024;269481735;Edelweiss;1;1.61
14/10/2024;269481735;Narcisse;2;0.93
14/10/2024;482519367;Tulipe;11;0.75
14/10/2024;346198275;Coquelicot;2;0.14
14/10/2024;503827451;Tournesol;4;0.94
14/10/2024;503827451;Mimosa;4;0.39
14/10/2024;672849135;Dahlia;7;0.44
14/10/2024;503827451;Tiare;6;2.97
14/10/2024;269481735;Violette;3;0.48
11/10/2024;651982473;Coquelicot;14;0.37
11/10/2024;482519367;Glaieul;8;0.43
11/10/2024;842619375;Tournesol;3;0.92
11/10/2024;842619375;Violette;5;0.27
11/10/2024;346198275;Paquerette;1;0.34
11/10/2024;482519367;Hortensia;6;0.79
11/10/2024;346198275;Tulipe;3;0.27
11/10/2024;346198275;Dahlia;1;1.27
11/10/2024;842619375;Jasmin;1;0.66
11/10/2024;269481735;Crocus;15;0.11
11/10/2024;842619375;Oeillet;23;0.7
11/10/2024;672849135;Tiare;1;2.13
15/10/2024;346198275;Anemone;3;0.7
15/10/2024;503827451;Edelweiss;3;2.16
15/10/2024;503827451;Tulipe;1;0.72
15/10/2024;275381649;Lys;2;0.86
15/10/2024;482519367;Paquerette;4;0.5
15/10/2024;269481735;Mimosa;1;1.41
15/10/2024;346198275;Tiare;1;2.61
17/10/2024;842619375;Rose;1;0.35
17/10/2024;842619375;Narcisse;21;0.97
17/10/2024;269481735;Anemone;5;0.76
17/10/2024;842619375;Hortensia;1;1.51
17/10/2024;482519367;Tulipe;4;0.47
17/10/2024;503827451;Chrysantheme;4;0.27
17/10/2024;842619375;Crocus;6;0.49
07/10/2024;482519367;Dahlia;10;1.06
07/10/2024;269481735;Rose;4;0.2
07/10/2024;275381649;Anemone;1;1.14
07/10/2024;842619375;Coquelicot;1;0.16
07/10/2024;346198275;Lys;6;1.03
07/10/2024;503827451;Tournesol;11;0.3
07/10/2024;842619375;Mimosa;1;0.99
07/10/2024;672849135;Tiare;1;0.85
25/10/2024;651982473;Tournesol;11;0.38
25/10/2024;482519367;Narcisse;9;0.68
25/10/2024;269481735;Glaieul;2;0.43
25/10/2024;482519367;Anemone;4;1.54
25/10/2024;275381649;Tulipe;5;0.41
25/10/2024;346198275;Paquerette;1;0.45
25/10/2024;275381649;Tiare;9;1.66
25/10/2024;842619375;Rose;8;0.72
18/10/2024;503827451;Chrysantheme;7;0.16
18/10/2024;275381649;Glaieul;4;0.47
18/10/2024;482519367;Edelweiss;1;0.63
10/10/2024;842619375;Coquelicot;6;0.12
10/10/2024;269481735;Paquerette;5;0.43
10/10/2024;482519367;Crocus;2;0.4
10/10/2024;482519367;Oeillet;9;0.66
10/10/2024;346198275;Glaieul;2;0.65
22/10/2024;275381649;Pivoine;1;0.18
22/10/2024;482519367;Tulipe;1;0.43
22/10/2024;651982473;Dahlia;1;0.19
22/10/2024;672849135;Edelweiss;4;1.77
22/10/2024;482519367;Lys;1;1.09
22/10/2024;482519367;Chrysantheme;5;0.32
22/10/2024;269481735;Tiare;4;0.44
22/10/2024;651982473;Crocus;1;0.14
31/10/2024;482519367;Jasmin;13;1.97
31/10/2024;672849135;Coquelicot;17;0.45
31/10/2024;269481735;Paquerette;5;0.24
31/10/2024;503827451;Pivoine;5;0.93
31/10/2024;842619375;Lys;3;1.08
31/10/2024;275381649;Tiare;2;1.2
31/10/2024;346198275;Camelia;3;0.46
31/10/2024;651982473;Chrysantheme;4;0.27
31/10/2024;269481735;Anemone;2;1.65
31/10/2024;482519367;Rose;14;0.1
31/10/2024;651982473;Mimosa;2;0.77
31/10/2024;482519367;Violette;11;0.3
31/10/2024;346198275;Crocus;4;0.19
31/10/2024;275381649;Narcisse;2;0.95
16/10/2024;503827451;Pivoine;9;2.18
16/10/2024;275381649;Narcisse;6;0.85
16/10/2024;275381649;Tiare;1;0.73
16/10/2024;482519367;Camelia;4;0.4
16/10/2024;269481735;Glaieul;4;0.66
16/10/2024;482519367;Jasmin;2;0.55
23/10/2024;482519367;Coquelicot;2;0.25
23/10/2024;269481735;Jasmin;6;2.43
23/10/2024;503827451;Violette;3;0.27
23/10/2024;269481735;Oeillet;2;0.4
23/10/2024;275381649;Narcisse;1;0.27
23/10/2024;842619375;Anemone;1;1.52
23/10/2024;672849135;Edelweiss;9;3.46
23/10/2024;275381649;Tulipe;2;0.74
23/10/2024;269481735;Lys;4;0.55
04/11/2024;269481735;Glaieul;19;0.35
04/11/2024;346198275;Camelia;1;1.19
04/11/2024;269481735;Edelweiss;10;1.29
04/11/2024;482519367;Jasmin;3;0.34
04/11/2024;346198275;Oeillet;1;0.46
04/11/2024;482519367;Tiare;4;0.64
04/11/2024;269481735;Rose;11;0.2
04/11/2024;346198275;Violette;1;0.1
04/11/2024;503827451;Coquelicot;1;0.4
04/11/2024;482519367;Lys;1;1.19
04/11/2024;269481735;Tournesol;1;0.22
04/11/2024;482519367;Mimosa;10;1.68
24/10/2024;346198275;Pivoine;25;2.12
24/10/2024;275381649;Hortensia;7;1.61
24/10/2024;842619375;Tournesol;1;0.28
24/10/2024;503827451;Coquelicot;8;0.12
24/10/2024;346198275;Anemone;3;1.7
24/10/2024;672849135;Edelweiss;1;2.65
24/10/2024;275381649;Jasmin;3;0.17
24/10/2024;275381649;Chrysantheme;3;0.38
24/10/2024;482519367;Tiare;4;1.55
24/10/2024;672849135;Camelia;11;2.47
29/10/2024;651982473;Dahlia;16;1.39
29/10/2024;269481735;Anemone;1;0.12
29/10/2024;672849135;Chrysantheme;3;0.85
29/10/2024;842619375;Violette;5;0.44
08/11/2024;275381649;Crocus;8;0.34
08/11/2024;842619375;Coquelicot;7;0.28
08/11/2024;503827451;Violette;3;0.3
08/11/2024;651982473;Tiare;2;0.98
08/11/2024;346198275;Chrysantheme;16;0.47
08/11/2024;842619375;Pivoine;1;2.08
08/11/2024;672849135;Rose;5;0.64
08/11/2024;269481735;Edelweiss;2;1.94
06/11/2024;482519367;Edelweiss;7;1.64
06/11/2024;346198275;Anemone;1;1.19
06/11/2024;346198275;Tiare;4;1.28
06/11/2024;482519367;Glaieul;24;0.43
06/11/2024;346198275;Lys;19;1.38
06/11/2024;346198275;Camelia;2;0.37
06/11/2024;842619375;Narcisse;3;1.01
06/11/2024;346198275;Tournesol;9;0.89
06/11/2024;346198275;Pivoine;5;1.73
06/11/2024;269481735;Coquelicot;1;0.45
06/11/2024;651982473;Hortensia;7;0.82
06/11/2024;346198275;Oeillet;1;0.45
06/11/2024;503827451;Chrysantheme;12;0.16
06/11/2024;482519367;Dahlia;3;0.5
06/11/2024;651982473;Mimosa;4;2.39
06/11/2024;651982473;Tulipe;1;0.36
30/10/2024;482519367;Tournesol;1;0.85
30/10/2024;275381649;Pivoine;3;0.47
30/10/2024;346198275;Glaieul;1;0.33
30/10/2024;651982473;Coquelicot;6;0.24
30/10/2024;346198275;Violette;7;0.19
30/10/2024;672849135;Camelia;5;1.52
12/11/2024;672849135;Mimosa;5;0.8
12/11/2024;275381649;Hortensia;3;2.96
12/11/2024;503827451;Pivoine;6;0.39
12/11/2024;269481735;Dahlia;2;0.88
12/11/2024;503827451;Tiare;2;1.17
12/11/2024;275381649;Paquerette;7;0.18
12/11/2024;651982473;Tournesol;9;0.67
12/11/2024;269481735;Violette;5;0.1
21/11/2024;842619375;Edelweiss;4;2.05
21/11/2024;503827451;Narcisse;5;0.39
21/11/2024;842619375;Pivoine;6;1.99
21/11/2024;672849135;Chrysantheme;6;0.9
21/11/2024;482519367;Dahlia;18;1.47
21/11/2024;269481735;Tulipe;1;0.72
21/11/2024;482519367;Coquelicot;7;0.15
15/11/2024;346198275;Edelweiss;4;0.97
15/11/2024;346198275;Narcisse;1;1.01
15/11/2024;275381649;Oeillet;6;0.22
15/11/2024;842619375;Dahlia;5;0.24
15/11/2024;482519367;Hortensia;17;0.74
15/11/2024;503827451;Tournesol;18;0.54
15/11/2024;503827451;Violette;1;0.39
15/11/2024;346198275;Crocus;2;0.24
22/11/2024;482519367;Tulipe;5;0.17
22/11/2024;842619375;Lys;8;0.3
22/11/2024;503827451;Anemone;1;0.86
22/11/2024;275381649;Coquelicot;16;0.33
22/11/2024;651982473;Hortensia;7;0.41
22/11/2024;482519367;Glaieul;3;0.11
22/11/2024;346198275;Jasmin;5;0.16
22/11/2024;503827451;Edelweiss;1;1.3
22/11/2024;503827451;Camelia;2;1.04
22/11/2024;275381649;Pivoine;1;1.29
22/11/2024;275381649;Chrysantheme;7;0.57
22/11/2024;651982473;Narcisse;1;0.57
14/11/2024;346198275;Glaieul;4;1.0
14/11/2024;651982473;Camelia;8;1.03
14/11/2024;503827451;Paquerette;7;0.29
14/11/2024;672849135;Oeillet;1;0.23
14/11/2024;842619375;Dahlia;5;0.97
14/11/2024;269481735;Chrysantheme;8;0.51
14/11/2024;346198275;Pivoine;2;1.49
14/11/2024;269481735;Tournesol;2;0.46
14/11/2024;346198275;Mimosa;1;0.53
14/11/2024;482519367;Hortensia;1;1.2
05/11/2024;672849135;Coquelicot;5;0.41
05/11/2024;275381649;Pivoine;6;0.48
05/11/2024;842619375;Camelia;6;1.04
05/11/2024;503827451;Tournesol;2;0.6
05/11/2024;672849135;Lys;13;0.73
05/11/2024;482519367;Jasmin;12;0.95
05/11/2024;269481735;Mimosa;1;2.48
05/11/2024;269481735;Narcisse;5;1.25
05/11/2024;503827451;Tulipe;1;0.4
05/11/2024;275381649;Chrysantheme;7;0.29
26/11/2024;672849135;Glaieul;9;0.28
26/11/2024;651982473;Rose;1;0.81
26/11/2024;269481735;Oeillet;1;0.72
26/11/2024;842619375;Coquelicot;15;0.15
26/11/2024;346198275;Chrysantheme;1;0.89
26/11/2024;672849135;Narcisse;1;0.35
26/11/2024;842619375;Violette;4;0.48
26/11/2024;651982473;Mimosa;1;0.15
25/11/2024;503827451;Jasmin;8;1.21
25/11/2024;269481735;Paquerette;5;0.48
25/11/2024;842619375;Pivoine;1;1.8
25/11/2024;346198275;Tiare;11;2.3
25/11/2024;346198275;Glaieul;17;0.71
25/11/2024;346198275;Camelia;1;0.51
25/11/2024;269481735;Tulipe;4;0.4
25/11/2024;651982473;Oeillet;1;0.63
25/11/2024;672849135;Chrysantheme;4;0.23
25/11/2024;503827451;Violette;1;0.31
25/11/2024;346198275;Lys;3;1.28
29/11/2024;842619375;Chrysantheme;37;0.25
29/11/2024;482519367;Anemone;26;0.4
29/11/2024;346198275;Mimosa;2;0.97
29/11/2024;672849135;Narcisse;4;1.2
29/11/2024;269481735;Paquerette;9;0.66
29/11/2024;275381649;Edelweiss;36;1.24
29/11/2024;482519367;Crocus;52;0.26
29/11/2024;482519367;Rose;19;0.32
29/11/2024;672849135;Hortensia;40;0.46
29/11/2024;672849135;Coquelicot;2;0.43
29/11/2024;269481735;Tiare;5;0.44
29/11/2024;651982473;Camelia;12;1.6
29/11/2024;275381649;Violette;14;0.37
29/11/2024;275381649;Pivoine;6;0.59
29/11/2024;842619375;Dahlia;8;0.42
29/11/2024;482519367;Jasmin;28;2.29
29/11/2024;672849135;Oeillet;4;0.68
29/11/2024;346198275;Tournesol;3;0.72
29/11/2024;503827451;Tulipe;5;0.67
29/11/2024;269481735;Glaieul;17;0.69
28/11/2024;482519367;Hortensia;7;0.83
28/11/2024;842619375;Tiare;2;1.31
28/11/2024;482519367;Anemone;3;0.83
28/11/2024;672849135;Jasmin;1;0.9
28/11/2024;672849135;Violette;10;0.32
28/11/2024;503827451;Mimosa;1;2.09
28/11/2024;269481735;Coquelicot;11;0.18
28/11/2024;672849135;Tournesol;1;0.58
28/11/2024;651982473;Rose;9;0.49
28/11/2024;346198275;Oeillet;18;0.12
28/11/2024;346198275;Glaieul;4;0.74
28/11/2024;672849135;Camelia;3;0.43
28/11/2024;482519367;Dahlia;4;1.31
28/11/2024;503827451;Lys;12;1.07
28/11/2024;651982473;Crocus;7;0.3
27/11/2024;275381649;Edelweiss;4;0.75
27/11/2024;651982473;Paquerette;2;0.71
27/11/2024;672849135;Anemone;16;1.72
27/11/2024;482519367;Mimosa;2;1.5
27/11/2024;503827451;Rose;5;0.49
27/11/2024;503827451;Hortensia;1;1.29
27/11/2024;672849135;Lys;6;1.42
27/11/2024;672849135;Dahlia;5;1.04
27/11/2024;275381649;Coquelicot;2;0.43
27/11/2024;503827451;Tulipe;4;0.6
27/11/2024;651982473;Tournesol;3;0.79
19/06/2025;842619375;Tiare;6;0.46
19/06/2025;269481735;Anemone;20;0.14
19/06/2025;672849135;Jasmin;5;1.53
19/06/2025;482519367;Mimosa;5;2.08
19/06/2025;842619375;Hortensia;13;2.03
19/06/2025;842619375;Lys;1;1.34
19/06/2025;482519367;Paquerette;3;0.31
19/06/2025;503827451;Tulipe;2;0.63
19/06/2025;482519367;Chrysantheme;3;0.18
19/06/2025;503827451;Edelweiss;13;2.43
19/06/2025;482519367;Pivoine;10;1.72
19/06/2025;482519367;Crocus;5;0.27
19/06/2025;482519367;Coquelicot;2;0.15
19/06/2025;503827451;Tournesol;12;0.92
19/06/2025;651982473;Dahlia;3;1.1
19/06/2025;842619375;Glaieul;11;0.18
19/06/2025;346198275;Narcisse;3;0.93
19/06/2025;672849135;Camelia;16;1.68
24/06/2025;842619375;Rose;8;0.12
24/06/2025;346198275;Mimosa;6;1.71
24/06/2025;651982473;Tournesol;27;0.57
24/06/2025;842619375;Pivoine;4;1.54
24/06/2025;346198275;Jasmin;2;1.88
24/06/2025;346198275;Camelia;16;2.36
24/06/2025;346198275;Paquerette;2;0.1
24/06/2025;275381649;Tulipe;12;0.54
24/06/2025;503827451;Edelweiss;7;1.14
24/06/2025;842619375;Crocus;8;0.24
24/06/2025;346198275;Lys;27;0.47
24/06/2025;503827451;Oeillet;12;0.35
24/06/2025;346198275;Tiare;4;0.77
24/06/2025;269481735;Coquelicot;3;0.2
24/06/2025;269481735;Anemone;3;0.26
24/06/2025;346198275;Violette;4;0.43
24/06/2025;269481735;Dahlia;1;1.41
24/06/2025;275381649;Glaieul;1;0.6
24/06/2025;482519367;Chrysantheme;1;0.71
13/06/2025;275381649;Tournesol;4;0.52
13/06/2025;275381649;Chrysantheme;18;0.16
13/06/2025;503827451;Tulipe;8;0.47
13/06/2025;346198275;Oeillet;1;0.69
13/06/2025;346198275;Edelweiss;1;0.72
13/06/2025;842619375;Narcisse;3;0.17
17/06/2025;503827451;Camelia;4;1.25
17/06/2025;842619375;Chrysantheme;1;0.12
17/06/2025;269481735;Tulipe;9;0.63
17/06/2025;672849135;Rose;1;0.71
17/06/2025;842619375;Dahlia;1;1.31
17/06/2025;346198275;Tournesol;7;0.73
17/06/2025;269481735;Lys;11;0.79
17/06/2025;672849135;Tiare;1;2.38
17/06/2025;269481735;Violette;4;0.48
17/06/2025;842619375;Paquerette;1;0.34
17/06/2025;269481735;Crocus;6;0.31
11/06/2025;269481735;Violette;5;0.13
11/06/2025;346198275;Pivoine;5;0.92
11/06/2025;275381649;Tulipe;2;0.75
11/06/2025;672849135;Lys;7;0.7
11/06/2025;346198275;Crocus;1;0.1
11/06/2025;269481735;Tournesol;3;0.49
11/06/2025;672849135;Narcisse;9;0.62
11/06/2025;275381649;Paquerette;1;0.44
11/06/2025;503827451;Chrysantheme;1;0.38
20/06/2025;503827451;Chrysantheme;15;0.86
20/06/2025;842619375;Paquerette;2;0.35
20/06/2025;503827451;Oeillet;1;0.48
20/06/2025;503827451;Glaieul;3;0.77
20/06/2025;503827451;Dahlia;6;0.5
20/06/2025;346198275;Hortensia;6;0.57
20/06/2025;275381649;Lys;5;1.16
20/06/2025;672849135;Tulipe;5;0.31
20/06/2025;503827451;Violette;2;0.35
20/06/2025;651982473;Tournesol;2;0.53
20/06/2025;482519367;Coquelicot;1;0.34
20/06/2025;842619375;Camelia;14;1.99
20/06/2025;269481735;Edelweiss;6;1.73
20/06/2025;269481735;Tiare;7;2.56
20/06/2025;842619375;Anemone;2;1.07
16/06/2025;275381649;Violette;8;0.32
16/06/2025;672849135;Jasmin;1;2.13
16/06/2025;672849135;Edelweiss;1;2.6
16/06/2025;269481735;Narcisse;4;0.22
16/06/2025;346198275;Chrysantheme;7;0.2
16/06/2025;269481735;Dahlia;1;0.43
23/06/2025;503827451;Lys;15;0.15
23/06/2025;842619375;Mimosa;1;0.34
23/06/2025;346198275;Oeillet;10;0.46
23/06/2025;651982473;Anemone;2;0.67
23/06/2025;275381649;Tiare;1;0.97
23/06/2025;842619375;Edelweiss;9;2.8
30/06/2025;269481735;Camelia;20;1.88
30/06/2025;269481735;Hortensia;15;1.23
30/06/2025;842619375;Paquerette;3;0.37
30/06/2025;482519367;Jasmin;6;1.29
30/06/2025;651982473;Coquelicot;3;0.49
30/06/2025;503827451;Narcisse;9;0.58
30/06/2025;842619375;Tournesol;2;0.77
30/06/2025;842619375;Glaieul;4;0.8
30/06/2025;651982473;Mimosa;16;1.18
30/06/2025;503827451;Oeillet;1;0.26
30/06/2025;651982473;Tiare;2;0.97
30/06/2025;482519367;Tulipe;5;0.12
03/07/2025;275381649;Mimosa;8;1.9
03/07/2025;672849135;Chrysantheme;3;0.84
03/07/2025;275381649;Lys;1;1.36
03/07/2025;269481735;Jasmin;7;1.13
03/07/2025;346198275;Oeillet;2;0.41
03/07/2025;482519367;Tournesol;3;0.8
03/07/2025;269481735;Crocus;2;0.35
03/07/2025;651982473;Dahlia;1;1.09
03/07/2025;269481735;Edelweiss;8;1.76
03/07/2025;482519367;Violette;9;0.28
03/07/2025;275381649;Tulipe;2;0.46
11/07/2025;651982473;Hortensia;18;0.58
11/07/2025;482519367;Lys;2;0.47
11/07/2025;672849135;Coquelicot;10;0.31
11/07/2025;503827451;Anemone;3;0.39
11/07/2025;842619375;Oeillet;23;0.32
11/07/2025;503827451;Chrysantheme;11;0.63
11/07/2025;482519367;Mimosa;4;1.26
11/07/2025;269481735;Camelia;13;2.93
11/07/2025;482519367;Tiare;2;2.86
11/07/2025;482519367;Jasmin;3;1.26
11/07/2025;651982473;Paquerette;1;0.58
11/07/2025;672849135;Dahlia;2;0.62
11/07/2025;346198275;Crocus;7;0.12
11/07/2025;503827451;Rose;7;0.8
26/06/2025;672849135;Tournesol;18;0.52
26/06/2025;269481735;Hortensia;3;1.09
26/06/2025;651982473;Tulipe;3;0.14
26/06/2025;672849135;Dahlia;12;0.86
26/06/2025;269481735;Jasmin;2;1.72
26/06/2025;672849135;Mimosa;4;0.27
26/06/2025;503827451;Rose;1;0.51
08/07/2025;672849135;Paquerette;12;0.47
08/07/2025;842619375;Violette;5;0.18
08/07/2025;672849135;Edelweiss;2;1.19
08/07/2025;842619375;Chrysantheme;2;0.19
08/07/2025;672849135;Jasmin;4;0.97
08/07/2025;842619375;Mimosa;8;2.13
08/07/2025;651982473;Narcisse;5;0.87
08/07/2025;275381649;Glaieul;13;0.96
04/07/2025;842619375;Pivoine;11;1.3
04/07/2025;346198275;Dahlia;2;0.47
04/07/2025;346198275;Paquerette;3;0.28
04/07/2025;651982473;Tiare;6;0.84
04/07/2025;842619375;Rose;3;0.45
04/07/2025;672849135;Oeillet;6;0.62
04/07/2025;346198275;Coquelicot;4;0.15
04/07/2025;672849135;Camelia;1;1.25
04/07/2025;503827451;Jasmin;14;2.46
04/07/2025;482519367;Edelweiss;2;1.61
04/07/2025;651982473;Glaieul;7;0.15
04/07/2025;346198275;Chrysantheme;13;0.47
04/07/2025;346198275;Hortensia;3;2.42
04/07/2025;346198275;Anemone;10;0.28
04/07/2025;842619375;Tulipe;5;0.25
04/07/2025;842619375;Lys;4;0.18
10/07/2025;346198275;Tournesol;8;0.62
10/07/2025;503827451;Rose;9;0.1
10/07/2025;651982473;Mimosa;17;1.0
10/07/2025;503827451;Lys;1;0.15
10/07/2025;672849135;Paquerette;1;0.65
10/07/2025;672849135;Oeillet;7;0.45
10/07/2025;651982473;Coquelicot;2;0.32
10/07/2025;503827451;Dahlia;3;0.57
10/07/2025;269481735;Violette;1;0.38
10/07/2025;269481735;Crocus;4;0.22
10/07/2025;269481735;Tiare;1;2.9
10/07/2025;651982473;Chrysantheme;3;0.58
10/07/2025;651982473;Edelweiss;2;0.98
02/07/2025;346198275;Oeillet;14;0.56
02/07/2025;269481735;Edelweiss;9;2.85
02/07/2025;503827451;Narcisse;2;0.99
02/07/2025;651982473;Violette;5;0.2
02/07/2025;651982473;Glaieul;1;0.54
02/07/2025;503827451;Paquerette;8;0.55
02/07/2025;269481735;Chrysantheme;1;0.69
02/07/2025;346198275;Mimosa;4;1.98
02/07/2025;269481735;Dahlia;4;0.43
09/07/2025;482519367;Pivoine;12;0.24
09/07/2025;503827451;Edelweiss;12;2.38
09/07/2025;672849135;Tulipe;1;0.59
09/07/2025;651982473;Rose;1;0.47
09/07/2025;672849135;Tournesol;6;0.27
09/07/2025;672849135;Lys;18;0.61
09/07/2025;842619375;Anemone;3;0.14
09/07/2025;503827451;Dahlia;12;1.22
09/07/2025;275381649;Paquerette;9;0.23
09/07/2025;672849135;Narcisse;1;0.13
09/07/2025;269481735;Jasmin;13;1.09
09/07/2025;672849135;Chrysantheme;15;0.18
09/07/2025;269481735;Violette;1;0.39
09/07/2025;482519367;Oeillet;11;0.49
09/07/2025;269481735;Glaieul;1;0.24
09/07/2025;346198275;Coquelicot;7;0.25
09/07/2025;275381649;Crocus;4;0.35
21/07/2025;482519367;Coquelicot;15;0.4
21/07/2025;672849135;Tournesol;1;0.73
21/07/2025;672849135;Oeillet;2;0.63
21/07/2025;503827451;Crocus;5;0.35
21/07/2025;269481735;Tulipe;8;0.27
21/07/2025;275381649;Lys;2;0.94
21/07/2025;346198275;Glaieul;1;0.65
21/07/2025;842619375;Rose;8;0.98
17/07/2025;672849135;Pivoine;5;2.06
17/07/2025;269481735;Hortensia;18;1.07
17/07/2025;651982473;Coquelicot;3;0.12
17/07/2025;482519367;Rose;2;0.92
17/07/2025;503827451;Jasmin;1;2.01
17/07/2025;672849135;Tiare;4;0.5
17/07/2025;346198275;Glaieul;1;0.34
17/07/2025;346198275;Tournesol;4;0.34
17/07/2025;482519367;Mimosa;10;1.58
17/07/2025;482519367;Edelweiss;13;1.18
17/07/2025;842619375;Chrysantheme;2;0.25
17/07/2025;672849135;Camelia;9;2.63
17/07/2025;482519367;Oeillet;6;0.45
22/07/2025;482519367;Jasmin;22;1.28
22/07/2025;269481735;Violette;19;0.32
22/07/2025;672849135;Tournesol;7;0.71
22/07/2025;503827451;Pivoine;14;1.42
22/07/2025;482519367;Hortensia;1;3.98
22/07/2025;275381649;Tulipe;12;0.46
22/07/2025;503827451;Mimosa;14;1.24
22/07/2025;346198275;Edelweiss;14;0.87
22/07/2025;275381649;Crocus;6;0.36
22/07/2025;269481735;Anemone;2;1.39
22/07/2025;651982473;Paquerette;17;0.33
22/07/2025;482519367;Dahlia;5;0.31
22/07/2025;346198275;Glaieul;7;0.68
22/07/2025;269481735;Rose;2;0.24
22/07/2025;346198275;Oeillet;3;0.6
22/07/2025;482519367;Camelia;12;2.12
22/07/2025;672849135;Lys;4;1.18
22/07/2025;651982473;Tiare;12;2.75
22/07/2025;346198275;Coquelicot;21;0.4
22/07/2025;275381649;Chrysantheme;3;0.76
22/07/2025;275381649;Narcisse;5;1.15
23/07/2025;269481735;Paquerette;18;0.2
23/07/2025;651982473;Narcisse;6;0.31
23/07/2025;842619375;Coquelicot;1;0.48
23/07/2025;269481735;Lys;1;0.12
23/07/2025;482519367;Camelia;17;2.64
23/07/2025;346198275;Hortensia;19;3.1
23/07/2025;275381649;Violette;5;0.39
23/07/2025;269481735;Anemone;9;1.67
23/07/2025;651982473;Tiare;19;1.18
23/07/2025;503827451;Edelweiss;1;2.89
23/07/2025;503827451;Pivoine;1;0.75
23/07/2025;651982473;Chrysantheme;17;0.32
23/07/2025;275381649;Tournesol;5;0.76
23/07/2025;275381649;Jasmin;15;0.68
23/07/2025;275381649;Mimosa;6;2.39
23/07/2025;672849135;Rose;3;0.64
23/07/2025;672849135;Dahlia;16;1.13
23/07/2025;672849135;Tulipe;4;0.74
23/07/2025;346198275;Crocus;23;0.5
28/07/2025;651982473;Edelweiss;1;1.55
28/07/2025;672849135;Glaieul;2;0.67
28/07/2025;672849135;Oeillet;5;0.25
28/07/2025;503827451;Tulipe;3;0.52
28/07/2025;275381649;Crocus;34;0.38
28/07/2025;503827451;Mimosa;7;1.61
28/07/2025;651982473;Anemone;18;1.11
28/07/2025;842619375;Hortensia;16;0.35
28/07/2025;346198275;Jasmin;7;1.84
28/07/2025;482519367;Coquelicot;17;0.25
28/07/2025;842619375;Paquerette;4;0.36
28/07/2025;269481735;Chrysantheme;2;0.47
28/07/2025;269481735;Tiare;2;2.08
28/07/2025;275381649;Dahlia;1;0.6
28/07/2025;482519367;Pivoine;2;0.46
28/07/2025;842619375;Tournesol;1;0.17
24/07/2025;346198275;Lys;2;1.34
24/07/2025;503827451;Dahlia;8;0.78
24/07/2025;503827451;Oeillet;9;0.26
24/07/2025;503827451;Tiare;1;0.3
31/07/2025;842619375;Chrysantheme;20;0.75
31/07/2025;275381649;Mimosa;32;1.48
31/07/2025;482519367;Pivoine;46;1.35
31/07/2025;672849135;Camelia;16;0.42
31/07/2025;672849135;Tulipe;42;0.61
31/07/2025;672849135;Paquerette;34;0.26
31/07/2025;346198275;Dahlia;9;1.19
31/07/2025;503827451;Lys;24;0.38
31/07/2025;503827451;Oeillet;40;0.4
31/07/2025;275381649;Narcisse;24;0.53
31/07/2025;346198275;Rose;61;0.4
31/07/2025;672849135;Jasmin;27;2.38
31/07/2025;651982473;Tournesol;20;0.72
31/07/2025;672849135;Coquelicot;38;0.12
31/07/2025;275381649;Glaieul;24;0.91
31/07/2025;346198275;Tiare;24;2.42
31/07/2025;651982473;Hortensia;39;1.19
31/07/2025;842619375;Anemone;18;0.88
31/07/2025;269481735;Crocus;38;0.32
31/07/2025;503827451;Edelweiss;27;1.54
31/07/2025;346198275;Violette;3;0.36
18/07/2025;651982473;Narcisse;10;0.33
18/07/2025;482519367;Pivoine;9;1.38
18/07/2025;651982473;Jasmin;12;1.48
18/07/2025;269481735;Tournesol;4;0.3
18/07/2025;842619375;Camelia;18;1.44
18/07/2025;269481735;Oeillet;9;0.22
18/07/2025;503827451;Rose;2;1.0
18/07/2025;503827451;Hortensia;16;2.2
18/07/2025;269481735;Coquelicot;18;0.12
18/07/2025;503827451;Mimosa;16;1.08
18/07/2025;503827451;Dahlia;6;1.12
18/07/2025;275381649;Paquerette;6;0.21
18/07/2025;672849135;Violette;4;0.21
18/07/2025;275381649;Tulipe;9;0.25
18/07/2025;651982473;Crocus;1;0.14
18/07/2025;672849135;Anemone;1;0.1
18/07/2025;842619375;Chrysantheme;1;0.83
18/07/2025;346198275;Glaieul;2;0.93
18/07/2025;842619375;Lys;3;0.82
30/07/2025;842619375;Narcisse;11;0.18
30/07/2025;269481735;Dahlia;16;0.51
30/07/2025;482519367;Rose;9;0.49
30/07/2025;651982473;Tiare;5;0.7
30/07/2025;672849135;Camelia;6;0.88
30/07/2025;672849135;Glaieul;2;0.67
30/07/2025;503827451;Paquerette;3;0.4
30/07/2025;503827451;Edelweiss;1;3.34
30/07/2025;651982473;Pivoine;2;0.57
30/07/2025;346198275;Chrysantheme;3;0.37
30/07/2025;651982473;Lys;1;0.31
15/07/2025;482519367;Hortensia;13;1.04
15/07/2025;346198275;Tournesol;1;0.57
15/07/2025;346198275;Narcisse;3;1.07
15/07/2025;503827451;Tulipe;2;0.52
15/07/2025;482519367;Camelia;1;2.89
15/07/2025;842619375;Rose;6;0.34
15/07/2025;275381649;Glaieul;2;0.2
15/07/2025;672849135;Coquelicot;3;0.43
15/07/2025;346198275;Pivoine;3;1.32
25/07/2025;503827451;Narcisse;4;1.18
25/07/2025;672849135;Mimosa;9;2.07
25/07/2025;346198275;Dahlia;3;1.49
29/07/2025;269481735;Edelweiss;4;2.62
29/07/2025;275381649;Violette;1;0.1
29/07/2025;275381649;Camelia;1;1.27
29/07/2025;503827451;Rose;4;0.96
29/07/2025;269481735;Anemone;1;1.69
29/07/2025;503827451;Glaieul;16;0.59
29/07/2025;482519367;Tulipe;4;0.42
29/07/2025;503827451;Paquerette;2;0.49
29/07/2025;482519367;Pivoine;2;0.24
29/07/2025;275381649;Narcisse;1;0.97
29/07/2025;275381649;Jasmin;2;0.45
29/07/2025;482519367;Lys;3;0.38
29/07/2025;275381649;Chrysantheme;5;0.6
29/07/2025;503827451;Mimosa;6;2.03
