numCommande;numBouquet;nbrBouquets;nomFleur;nbrFleurs
1;1;1;Jasmin;10
;;;Crocus;4
1;2;2;Lys;5
;;;Paquerette;4
;;;Chrysantheme;5
;;;Crocus;1
;;;Jasmin;1
1;3;2;Oeillet;2
;;;Hortensia;1
;;;Violette;1
;;;Edelweiss;1
2;1;1;Mimosa;14
2;2;4;Crocus;1
;;;Edelweiss;1
;;;Coquelicot;1
;;;Chrysantheme;7
;;;Narcisse;2
2;3;2;Coquelicot;4
;;;Dahlia;12
;;;Violette;1
;;;Oeillet;1
;;;Glaieul;1
3;1;1;Tulipe;15
3;2;2;Dahlia;8
;;;Camelia;4
;;;Mimosa;5
;;;Crocus;1
4;1;1;Tiare;14
;;;Edelweiss;1
5;1;1;Narcisse;12
;;;Tournesol;4
5;2;1;Violette;9
;;;Rose;1
;;;Jasmin;3
;;;Crocus;2
;;;Anemone;1
5;3;2;Oeillet;13
;;;Mimosa;4
;;;Crocus;1
6;1;1;Narcisse;4
;;;Anemone;1
;;;Rose;2
;;;Lys;1
6;2;3;Coquelicot;6
;;;Anemone;4
7;1;1;Mimosa;11
;;;Oeillet;1
7;2;2;Edelweiss;15
;;;Camelia;1
7;3;1;Narcisse;8
;;;Edelweiss;4
;;;Dahlia;1
8;1;1;Coquelicot;18
;;;Violette;1
9;1;1;Mimosa;4
;;;Rose;6
;;;Pivoine;2
;;;Glaieul;1
9;2;1;Lys;7
;;;Jasmin;1
;;;Camelia;1
10;1;1;Rose;17
;;;Tournesol;2
10;2;5;Tulipe;12
;;;Violette;1
;;;Chrysantheme;1
11;1;1;Dahlia;4
;;;Rose;4
;;;Camelia;1
;;;Chrysantheme;1
11;2;1;Pivoine;3
;;;Anemone;1
;;;Tiare;1
11;3;1;Coquelicot;1
;;;Crocus;3
;;;Dahlia;2
;;;Lys;10
11;4;2;Rose;7
12;1;1;Lys;9
;;;Tulipe;1
12;2;1;Hortensia;2
;;;Edelweiss;14
;;;Camelia;1
12;3;2;Rose;10
13;1;1;Anemone;8
;;;Mimosa;2
;;;Coquelicot;2
14;1;1;Oeillet;1
;;;Hortensia;1
;;;Tiare;2
;;;Jasmin;1
14;2;4;Coquelicot;15
;;;Camelia;4
;;;Glaieul;1
15;1;1;Lys;13
;;;Camelia;3
;;;Dahlia;1
;;;Coquelicot;1
15;2;1;Tulipe;3
;;;Mimosa;3
15;3;1;Dahlia;1
;;;Camelia;3
;;;Tiare;10
15;4;1;Jasmin;14
;;;Lys;1
15;5;2;Tulipe;11
;;;Rose;3
16;1;1;Coquelicot;4
;;;Chrysantheme;2
;;;Mimosa;1
;;;Lys;1
16;2;1;Mimosa;10
;;;Tiare;3
;;;Crocus;3
16;3;1;Pivoine;5
;;;Mimosa;5
;;;Jasmin;3
;;;Coquelicot;4
;;;Anemone;1
16;4;1;Edelweiss;10
;;;Narcisse;2
;;;Camelia;4
17;1;1;Rose;13
;;;Edelweiss;3
;;;Dahlia;1
;;;Tiare;1
;;;Paquerette;2
17;2;2;Glaieul;10
;;;Dahlia;1
;;;Pivoine;1
18;1;1;Camelia;1
;;;Coquelicot;6
;;;Oeillet;6
;;;Paquerette;3
;;;Tiare;2
;;;Tulipe;1
18;2;1;Hortensia;15
;;;Jasmin;4
18;3;2;Rose;10
;;;Tiare;2
;;;Camelia;1
;;;Dahlia;2
19;1;1;Jasmin;8
19;2;1;Violette;3
;;;Crocus;5
;;;Jasmin;1
;;;Coquelicot;1
20;1;1;Tiare;11
;;;Oeillet;6
;;;Pivoine;1
20;2;1;Jasmin;5
;;;Hortensia;4
;;;Dahlia;3
;;;Mimosa;1
;;;Lys;1
;;;Rose;1
20;3;1;Tournesol;7
;;;Oeillet;1
20;4;1;Tulipe;4
;;;Hortensia;2
20;5;1;Edelweiss;2
;;;Lys;3
20;6;2;Jasmin;7
;;;Oeillet;1
21;1;1;Paquerette;11
;;;Coquelicot;2
21;2;2;Jasmin;8
;;;Hortensia;1
;;;Tournesol;1
21;3;2;Tulipe;11
;;;Anemone;2
21;4;1;Violette;1
;;;Lys;2
;;;Coquelicot;8
;;;Dahlia;4
22;1;1;Dahlia;15
;;;Crocus;1
22;2;3;Narcisse;13
;;;Mimosa;2
23;1;1;Tulipe;3
;;;Tournesol;4
;;;Mimosa;4
;;;Hortensia;2
;;;Chrysantheme;1
23;2;3;Tournesol;6
;;;Coquelicot;5
;;;Crocus;1
;;;Camelia;3
;;;Mimosa;4
;;;Hortensia;1
23;3;2;Pivoine;8
;;;Anemone;1
24;1;1;Pivoine;4
;;;Anemone;4
24;2;1;Narcisse;1
;;;Tulipe;4
;;;Violette;2
;;;Camelia;1
;;;Anemone;1
24;3;1;Rose;9
;;;Tournesol;2
;;;Anemone;2
;;;Lys;3
24;4;1;Paquerette;7
24;5;2;Hortensia;9
;;;Camelia;1
;;;Dahlia;2
25;1;1;Tiare;4
;;;Mimosa;1
;;;Pivoine;1
25;2;1;Rose;1
;;;Glaieul;5
;;;Violette;1
26;1;1;Pivoine;2
;;;Glaieul;3
;;;Rose;1
26;2;3;Mimosa;5
27;1;1;Crocus;14
;;;Tulipe;1
;;;Dahlia;1
27;2;1;Jasmin;9
;;;Edelweiss;6
;;;Anemone;3
27;3;1;Chrysantheme;4
;;;Hortensia;1
28;1;1;Chrysantheme;19
;;;Jasmin;1
28;2;4;Narcisse;9
;;;Hortensia;3
29;1;1;Tiare;6
;;;Paquerette;11
;;;Anemone;1
;;;Crocus;1
29;2;1;Rose;6
;;;Mimosa;7
;;;Tiare;1
;;;Oeillet;4
;;;Tulipe;1
29;3;1;Coquelicot;8
29;4;1;Rose;10
29;5;1;Rose;9
;;;Oeillet;7
29;6;2;Camelia;1
;;;Mimosa;7
;;;Paquerette;1
30;1;1;Tulipe;7
30;2;2;Dahlia;9
;;;Crocus;8
30;3;3;Lys;5
;;;Crocus;1
31;1;1;Hortensia;8
;;;Camelia;3
;;;Anemone;2
;;;Rose;2
31;2;2;Edelweiss;4
;;;Hortensia;2
;;;Tiare;1
31;3;4;Lys;3
;;;Paquerette;12
;;;Coquelicot;1
;;;Oeillet;2
32;1;1;Tiare;6
;;;Hortensia;2
;;;Pivoine;1
33;1;1;Hortensia;6
;;;Jasmin;6
;;;Chrysantheme;3
33;2;1;Camelia;8
;;;Tournesol;1
;;;Lys;2
33;3;1;Violette;1
;;;Tournesol;8
;;;Hortensia;1
;;;Lys;1
;;;Pivoine;4
;;;Edelweiss;2
33;4;2;Rose;10
;;;Lys;1
;;;Hortensia;1
34;1;1;Edelweiss;3
;;;Anemone;2
;;;Glaieul;1
34;2;3;Lys;2
;;;Dahlia;3
;;;Crocus;6
;;;Coquelicot;1
34;3;3;Paquerette;1
;;;Tiare;2
;;;Chrysantheme;5
;;;Anemone;4
35;1;1;Narcisse;14
;;;Jasmin;1
;;;Pivoine;1
35;2;3;Crocus;3
;;;Narcisse;2
36;1;1;Hortensia;5
;;;Violette;2
;;;Lys;1
36;2;6;Narcisse;5
;;;Coquelicot;14
37;1;1;Edelweiss;3
;;;Mimosa;8
;;;Rose;3
;;;Oeillet;1
37;2;6;Tournesol;4
;;;Pivoine;5
;;;Anemone;2
;;;Tulipe;1
38;1;1;Jasmin;2
;;;Crocus;1
;;;Violette;2
;;;Hortensia;1
38;2;2;Paquerette;8
39;1;1;Jasmin;2
;;;Pivoine;3
39;2;1;Narcisse;3
;;;Tiare;6
;;;Coquelicot;1
39;3;4;Rose;2
;;;Paquerette;8
;;;Tiare;1
;;;Dahlia;3
40;1;1;Coquelicot;4
;;;Camelia;4
40;2;3;Oeillet;5
40;3;3;Rose;16
;;;Oeillet;2
;;;Jasmin;1
41;1;1;Hortensia;9
;;;Crocus;1
41;2;3;Rose;1
;;;Coquelicot;4
;;;Glaieul;2
;;;Hortensia;1
41;3;1;Oeillet;5
42;1;1;Rose;9
;;;Violette;3
;;;Paquerette;1
42;2;1;Crocus;4
;;;Lys;1
;;;Glaieul;1
42;3;3;Hortensia;7
;;;Oeillet;3
;;;Pivoine;1
;;;Tournesol;1
43;1;1;Paquerette;3
;;;Tulipe;2
43;2;2;Paquerette;8
;;;Rose;1
;;;Anemone;1
44;1;1;Hortensia;2
;;;Edelweiss;1
;;;Crocus;3
;;;Lys;1
44;2;1;Chrysantheme;2
;;;Crocus;11
;;;Coquelicot;1
44;3;1;Crocus;2
;;;Paquerette;4
;;;Rose;2
;;;Narcisse;2
;;;Anemone;1
44;4;2;Mimosa;7
45;1;1;Dahlia;6
45;2;2;Tulipe;7
;;;Edelweiss;3
;;;Mimosa;8
45;3;2;Edelweiss;18
;;;Hortensia;1
46;1;1;Camelia;7
46;2;1;Edelweiss;13
;;;Narcisse;1
46;3;3;Rose;9
;;;Glaieul;3
46;4;1;Dahlia;5
;;;Paquerette;1
;;;Tournesol;1
47;1;1;Coquelicot;9
;;;Crocus;1
47;2;2;Edelweiss;3
;;;Dahlia;1
;;;Tulipe;4
;;;Glaieul;1
48;1;1;Violette;8
;;;Pivoine;1
48;2;1;Tulipe;13
;;;Narcisse;5
;;;Anemone;1
48;3;1;Dahlia;1
;;;Narcisse;6
;;;Tulipe;8
;;;Tiare;1
48;4;1;Anemone;11
;;;Pivoine;2
;;;Crocus;5
;;;Camelia;1
;;;Chrysantheme;1
48;5;2;Edelweiss;6
;;;Hortensia;1
49;1;1;Chrysantheme;5
;;;Tulipe;6
;;;Rose;4
;;;Tournesol;1
;;;Lys;1
49;2;2;Tournesol;9
;;;Glaieul;7
;;;Rose;3
50;1;1;Pivoine;6
;;;Violette;2
;;;Tulipe;2
50;2;1;Jasmin;12
;;;Edelweiss;2
50;3;4;Tulipe;1
;;;Chrysantheme;9
;;;Tiare;1
;;;Jasmin;3
;;;Coquelicot;1
;;;Oeillet;1
;;;Rose;1
51;1;1;Narcisse;6
;;;Glaieul;3
;;;Hortensia;4
;;;Tournesol;1
51;2;5;Tulipe;3
;;;Tournesol;3
;;;Violette;2
;;;Tiare;2
;;;Lys;2
;;;Paquerette;1
52;1;1;Narcisse;8
;;;Oeillet;1
52;2;3;Chrysantheme;4
;;;Paquerette;3
;;;Tulipe;7
;;;Lys;1
;;;Tiare;1
53;1;1;Tiare;5
;;;Dahlia;2
;;;Pivoine;1
;;;Oeillet;1
53;2;5;Dahlia;1
;;;Anemone;6
;;;Tournesol;2
;;;Oeillet;4
54;1;1;Mimosa;7
54;2;4;Hortensia;5
;;;Narcisse;5
;;;Anemone;2
;;;Mimosa;2
54;3;2;Rose;15
;;;Tulipe;2
;;;Coquelicot;1
55;1;1;Rose;9
;;;Mimosa;4
;;;Jasmin;2
55;2;5;Chrysantheme;7
;;;Tournesol;4
;;;Anemone;1
56;1;1;Tournesol;7
56;2;6;Lys;19
;;;Rose;1
57;1;1;Tiare;8
;;;Hortensia;1
57;2;2;Tiare;4
;;;Dahlia;4
;;;Violette;1
;;;Crocus;1
58;1;1;Camelia;6
;;;Jasmin;1
58;2;1;Paquerette;2
;;;Coquelicot;2
;;;Jasmin;5
58;3;1;Anemone;4
;;;Dahlia;5
;;;Camelia;1
;;;Chrysantheme;1
;;;Jasmin;2
58;4;2;Anemone;5
;;;Oeillet;1
;;;Coquelicot;2
59;1;1;Glaieul;13
;;;Jasmin;1
;;;Dahlia;3
;;;Paquerette;1
59;2;2;Anemone;11
60;1;1;Tournesol;2
;;;Narcisse;6
;;;Glaieul;1
60;2;1;Dahlia;12
;;;Tournesol;1
61;1;1;Camelia;4
;;;Pivoine;1
;;;Narcisse;3
61;2;2;Coquelicot;4
;;;Hortensia;1
;;;Chrysantheme;2
62;1;1;Camelia;2
;;;Violette;2
;;;Dahlia;4
;;;Mimosa;4
;;;Tournesol;1
;;;Paquerette;1
;;;Coquelicot;1
;;;Edelweiss;1
62;2;3;Crocus;4
;;;Lys;1
63;1;1;Hortensia;2
;;;Jasmin;6
;;;Rose;5
63;2;3;Hortensia;2
;;;Rose;3
;;;Pivoine;8
;;;Camelia;3
;;;Dahlia;1
64;1;1;Chrysantheme;5
;;;Narcisse;3
;;;Jasmin;2
64;2;2;Tournesol;8
;;;Tulipe;1
65;1;1;Lys;7
;;;Edelweiss;5
;;;Coquelicot;3
65;2;2;Narcisse;2
;;;Glaieul;1
;;;Rose;1
;;;Anemone;1
66;1;1;Hortensia;17
;;;Oeillet;1
66;2;3;Dahlia;9
67;1;1;Tournesol;1
;;;Rose;6
67;2;5;Camelia;1
;;;Edelweiss;8
;;;Coquelicot;1
;;;Lys;1
68;1;1;Lys;10
;;;Pivoine;6
69;1;1;Glaieul;8
;;;Narcisse;2
69;2;3;Anemone;5
;;;Dahlia;4
69;3;2;Paquerette;11
;;;Narcisse;2
70;1;1;Anemone;1
;;;Camelia;6
;;;Narcisse;3
70;2;3;Violette;8
;;;Hortensia;1
;;;Edelweiss;3
;;;Oeillet;3
71;1;1;Narcisse;1
;;;Tournesol;2
;;;Paquerette;6
;;;Tiare;1
;;;Glaieul;6
71;2;1;Anemone;1
;;;Oeillet;1
;;;Tiare;3
71;3;2;Dahlia;3
;;;Hortensia;3
;;;Oeillet;2
;;;Crocus;1
72;1;1;Paquerette;6
;;;Crocus;9
;;;Mimosa;1
73;1;1;Chrysantheme;19
73;2;1;Hortensia;17
74;1;1;Jasmin;4
;;;Oeillet;2
;;;Pivoine;2
;;;Coquelicot;1
74;2;2;Coquelicot;10
;;;Tiare;3
;;;Lys;2
;;;Paquerette;1
75;1;1;Chrysantheme;5
;;;Tournesol;1
;;;Pivoine;1
75;2;1;Narcisse;6
;;;Tiare;2
;;;Lys;3
75;3;2;Tiare;3
;;;Hortensia;9
;;;Dahlia;4
;;;Pivoine;2
76;1;1;Narcisse;3
;;;Dahlia;2
;;;Anemone;10
;;;Lys;1
;;;Oeillet;2
76;2;6;Tiare;3
;;;Violette;2
;;;Lys;2
77;1;1;Lys;14
77;2;3;Rose;6
;;;Violette;4
;;;Dahlia;1
78;1;1;Camelia;10
;;;Dahlia;2
;;;Crocus;1
;;;Lys;1
78;2;1;Tournesol;5
78;3;2;Mimosa;12
79;1;1;Tiare;5
;;;Tournesol;6
80;1;1;Tiare;3
;;;Tulipe;5
;;;Anemone;1
80;2;2;Anemone;9
;;;Tulipe;1
81;1;1;Coquelicot;18
;;;Lys;1
81;2;2;Pivoine;8
;;;Oeillet;3
81;3;1;Coquelicot;2
;;;Dahlia;4
;;;Mimosa;3
;;;Paquerette;1
;;;Crocus;1
81;4;2;Chrysantheme;9
;;;Coquelicot;1
82;1;1;Anemone;7
;;;Jasmin;5
;;;Tournesol;1
;;;Tiare;2
;;;Paquerette;1
;;;Coquelicot;1
82;2;3;Edelweiss;6
;;;Dahlia;1
83;1;1;Edelweiss;8
;;;Paquerette;8
;;;Tiare;1
83;2;1;Pivoine;19
83;3;1;Anemone;3
;;;Tournesol;2
;;;Coquelicot;1
83;4;3;Jasmin;2
;;;Oeillet;5
;;;Paquerette;1
;;;Violette;1
84;1;1;Narcisse;3
;;;Lys;2
;;;Dahlia;1
;;;Glaieul;1
84;2;1;Dahlia;4
;;;Glaieul;2
84;3;5;Lys;14
;;;Anemone;5
85;1;1;Tiare;6
;;;Pivoine;7
;;;Jasmin;1
85;2;3;Mimosa;7
;;;Edelweiss;1
85;3;2;Lys;3
;;;Camelia;4
86;1;1;Lys;11
;;;Jasmin;3
86;2;2;Violette;16
86;3;4;Tiare;2
;;;Lys;4
;;;Edelweiss;6
87;1;1;Pivoine;3
;;;Mimosa;10
;;;Paquerette;2
87;2;2;Camelia;3
;;;Chrysantheme;6
;;;Oeillet;1
;;;Tournesol;1
87;3;2;Chrysantheme;4
;;;Tiare;1
;;;Violette;1
;;;Lys;3
87;4;2;Jasmin;4
;;;Tournesol;4
;;;Oeillet;3
88;1;1;Violette;8
;;;Hortensia;3
;;;Pivoine;1
;;;Paquerette;1
89;1;1;Oeillet;6
;;;Glaieul;2
;;;Lys;4
;;;Tiare;2
;;;Tournesol;3
;;;Paquerette;1
89;2;4;Crocus;5
89;3;1;Rose;11
;;;Tournesol;2
90;1;1;Tulipe;8
;;;Dahlia;6
;;;Pivoine;3
90;2;3;Jasmin;1
;;;Narcisse;2
;;;Anemone;1
;;;Tulipe;1
;;;Tournesol;2
;;;Hortensia;3
;;;Pivoine;1
91;1;1;Tulipe;11
;;;Chrysantheme;4
91;2;1;Tiare;12
92;1;1;Tiare;4
;;;Paquerette;1
;;;Mimosa;3
92;2;2;Crocus;4
;;;Jasmin;1
;;;Tiare;1
;;;Dahlia;1
93;1;1;Coquelicot;3
;;;Oeillet;1
;;;Tulipe;5
;;;Hortensia;2
;;;Camelia;1
;;;Lys;1
94;1;1;Oeillet;9
;;;Rose;1
94;2;5;Tulipe;8
;;;Hortensia;6
;;;Tiare;3
;;;Crocus;1
95;1;1;Tulipe;5
;;;Oeillet;2
;;;Tiare;1
96;1;1;Paquerette;6
;;;Crocus;4
;;;Rose;2
96;2;2;Tournesol;3
;;;Dahlia;15
;;;Jasmin;2
96;3;2;Edelweiss;7
;;;Hortensia;2
;;;Coquelicot;1
97;1;1;Tulipe;1
;;;Crocus;6
;;;Glaieul;2
97;2;1;Glaieul;2
;;;Pivoine;8
;;;Camelia;4
;;;Chrysantheme;1
97;3;5;Paquerette;3
;;;Crocus;1
;;;Lys;4
98;1;1;Jasmin;1
;;;Mimosa;3
;;;Rose;2
98;2;5;Oeillet;4
;;;Rose;3
;;;Mimosa;1
99;1;1;Glaieul;9
;;;Anemone;5
;;;Lys;1
99;2;1;Tiare;6
;;;Lys;1
99;3;2;Camelia;20
100;1;1;Anemone;1
;;;Dahlia;15
;;;Tiare;1
100;2;1;Hortensia;6
;;;Camelia;8
;;;Mimosa;3
;;;Paquerette;3
101;1;1;Rose;1
;;;Narcisse;7
;;;Chrysantheme;1
101;2;5;Paquerette;2
;;;Narcisse;9
;;;Violette;3
;;;Jasmin;1
102;1;1;Pivoine;11
;;;Tournesol;1
;;;Glaieul;1
;;;Rose;2
102;2;2;Chrysantheme;8
;;;Tournesol;2
;;;Dahlia;2
;;;Crocus;2
102;3;1;Coquelicot;11
;;;Tournesol;7
;;;Chrysantheme;2
102;4;3;Tiare;17
;;;Dahlia;2
103;1;1;Coquelicot;6
;;;Jasmin;1
103;2;2;Violette;10
104;1;1;Anemone;4
;;;Violette;1
;;;Chrysantheme;1
;;;Glaieul;1
;;;Paquerette;2
;;;Rose;1
104;2;3;Narcisse;4
;;;Edelweiss;1
105;1;1;Lys;5
;;;Oeillet;1
;;;Hortensia;1
;;;Tournesol;1
106;1;1;Rose;1
;;;Coquelicot;9
106;2;1;Violette;8
;;;Lys;5
;;;Anemone;2
;;;Chrysantheme;1
;;;Crocus;2
106;3;2;Oeillet;4
;;;Tournesol;1
;;;Narcisse;5
;;;Edelweiss;4
107;1;1;Anemone;3
;;;Lys;11
107;2;2;Camelia;12
;;;Oeillet;1
;;;Coquelicot;1
107;3;2;Tulipe;7
;;;Lys;1
108;1;1;Violette;13
;;;Pivoine;1
108;2;3;Lys;6
;;;Mimosa;4
;;;Chrysantheme;8
108;3;2;Pivoine;4
;;;Chrysantheme;1
;;;Tiare;1
109;1;1;Coquelicot;12
;;;Chrysantheme;1
109;2;1;Tournesol;13
;;;Paquerette;4
;;;Mimosa;1
;;;Narcisse;2
109;3;3;Narcisse;8
;;;Tulipe;1
110;1;1;Camelia;2
;;;Hortensia;11
;;;Tournesol;1
110;2;5;Violette;5
;;;Paquerette;5
;;;Mimosa;1
111;1;1;Pivoine;9
;;;Violette;1
;;;Tiare;1
112;1;1;Hortensia;15
;;;Rose;3
112;2;2;Tournesol;6
;;;Edelweiss;3
;;;Camelia;1
;;;Violette;4
112;3;1;Crocus;5
113;1;1;Narcisse;2
;;;Mimosa;2
;;;Paquerette;1
113;2;6;Tournesol;7
;;;Narcisse;1
114;1;1;Rose;1
;;;Glaieul;1
;;;Dahlia;4
;;;Lys;1
114;2;5;Lys;1
;;;Tournesol;9
;;;Jasmin;2
;;;Mimosa;3
;;;Pivoine;1
115;1;1;Camelia;19
115;2;3;Violette;1
;;;Camelia;6
;;;Crocus;2
;;;Lys;1
116;1;1;Rose;7
;;;Mimosa;1
;;;Coquelicot;2
116;2;1;Tournesol;5
;;;Edelweiss;9
117;1;1;Oeillet;7
;;;Glaieul;3
117;2;1;Tiare;5
;;;Anemone;1
117;3;4;Jasmin;2
;;;Tournesol;4
118;1;1;Coquelicot;6
;;;Paquerette;5
;;;Dahlia;4
;;;Tournesol;3
;;;Violette;1
;;;Mimosa;1
118;2;2;Tiare;5
;;;Crocus;4
118;3;4;Violette;9
119;1;1;Paquerette;12
;;;Tournesol;3
;;;Chrysantheme;5
119;2;2;Rose;13
;;;Hortensia;1
;;;Edelweiss;1
120;1;1;Jasmin;10
;;;Anemone;3
120;2;2;Paquerette;5
;;;Crocus;4
;;;Mimosa;2
;;;Tournesol;2
120;3;2;Chrysantheme;9
;;;Glaieul;10
;;;Dahlia;1
120;4;2;Narcisse;6
;;;Anemone;5
;;;Oeillet;1
121;1;1;Pivoine;2
;;;Dahlia;6
;;;Jasmin;6
121;2;3;Narcisse;9
;;;Dahlia;6
;;;Tulipe;2
122;1;1;Narcisse;4
;;;Tulipe;3
122;2;2;Hortensia;10
;;;Glaieul;2
;;;Narcisse;1
;;;Tournesol;1
123;1;1;Camelia;6
123;2;1;Tournesol;10
;;;Mimosa;3
;;;Violette;4
;;;Paquerette;1
124;1;1;Narcisse;4
;;;Paquerette;1
124;2;3;Jasmin;9
;;;Anemone;2
;;;Paquerette;2
125;1;1;Anemone;3
;;;Crocus;1
;;;Chrysantheme;1
126;1;1;Tiare;5
;;;Jasmin;2
;;;Hortensia;2
126;2;4;Violette;5
;;;Hortensia;1
;;;Anemone;4
;;;Camelia;1
127;1;1;Camelia;12
127;2;3;Mimosa;10
;;;Violette;4
127;3;3;Camelia;7
;;;Oeillet;1
;;;Lys;1
128;1;1;Lys;1
;;;Violette;4
;;;Mimosa;6
;;;Anemone;1
;;;Hortensia;2
;;;Edelweiss;2
;;;Rose;1
128;2;1;Lys;4
;;;Coquelicot;2
128;3;1;Rose;7
;;;Jasmin;1
128;4;2;Mimosa;5
;;;Glaieul;2
;;;Tiare;1
128;5;2;Rose;6
;;;Crocus;1
;;;Tournesol;5
;;;Violette;2
;;;Hortensia;2
129;1;1;Glaieul;1
;;;Tiare;2
;;;Lys;2
;;;Pivoine;8
;;;Tulipe;6
130;1;1;Narcisse;11
;;;Chrysantheme;1
;;;Violette;2
;;;Glaieul;3
130;2;1;Edelweiss;7
;;;Narcisse;1
130;3;3;Oeillet;1
;;;Dahlia;1
;;;Narcisse;2
;;;Violette;1
;;;Tulipe;6
;;;Camelia;3
;;;Coquelicot;2
131;1;1;Edelweiss;9
;;;Rose;4
131;2;6;Oeillet;1
;;;Glaieul;4
132;1;1;Edelweiss;4
;;;Camelia;1
;;;Tulipe;2
;;;Rose;2
;;;Crocus;1
132;2;1;Anemone;9
;;;Dahlia;1
;;;Paquerette;1
132;3;2;Oeillet;8
;;;Chrysantheme;1
133;1;1;Edelweiss;9
;;;Crocus;4
;;;Narcisse;2
133;2;1;Camelia;9
;;;Crocus;1
;;;Rose;1
133;3;1;Pivoine;4
;;;Tournesol;10
;;;Oeillet;1
133;4;4;Anemone;1
;;;Edelweiss;8
;;;Chrysantheme;2
;;;Oeillet;5
134;1;1;Crocus;5
;;;Dahlia;3
134;2;2;Dahlia;3
;;;Paquerette;1
;;;Hortensia;1
134;3;2;Glaieul;2
;;;Hortensia;7
;;;Edelweiss;1
;;;Dahlia;1
;;;Crocus;1
135;1;1;Crocus;5
135;2;1;Dahlia;2
;;;Jasmin;5
135;3;1;Pivoine;7
;;;Violette;7
;;;Glaieul;1
135;4;2;Edelweiss;7
;;;Tulipe;1
;;;Narcisse;2
;;;Chrysantheme;1
136;1;1;Glaieul;2
;;;Oeillet;3
;;;Camelia;1
136;2;2;Tulipe;7
137;1;1;Violette;1
;;;Paquerette;5
;;;Tournesol;3
;;;Crocus;1
;;;Jasmin;1
137;2;5;Violette;13
;;;Pivoine;3
;;;Narcisse;1
138;1;1;Hortensia;4
;;;Edelweiss;1
;;;Jasmin;8
;;;Tournesol;5
138;2;1;Edelweiss;3
;;;Mimosa;4
;;;Jasmin;1
;;;Tulipe;1
138;3;4;Anemone;1
;;;Edelweiss;11
;;;Narcisse;7
;;;Rose;1
139;1;1;Narcisse;1
;;;Dahlia;5
;;;Violette;3
140;1;1;Tiare;2
;;;Tulipe;4
;;;Paquerette;3
;;;Rose;2
140;2;2;Rose;14
;;;Mimosa;1
140;3;3;Coquelicot;14
;;;Lys;1
;;;Jasmin;1
141;1;1;Mimosa;5
;;;Tiare;2
;;;Violette;4
;;;Coquelicot;2
;;;Glaieul;2
;;;Jasmin;1
142;1;1;Dahlia;2
;;;Narcisse;7
;;;Pivoine;1
;;;Coquelicot;1
142;2;3;Tiare;6
;;;Edelweiss;4
142;3;3;Rose;9
;;;Pivoine;2
;;;Camelia;3
;;;Glaieul;2
143;1;1;Tournesol;8
;;;Crocus;5
;;;Paquerette;1
143;2;3;Tournesol;11
;;;Coquelicot;1
;;;Tiare;2
144;1;1;Hortensia;9
;;;Oeillet;2
144;2;3;Jasmin;5
;;;Oeillet;2
;;;Crocus;1
145;1;1;Tiare;1
;;;Narcisse;4
;;;Glaieul;2
;;;Lys;1
146;1;1;Anemone;3
;;;Tournesol;2
;;;Rose;2
146;2;2;Pivoine;3
;;;Glaieul;15
147;1;1;Edelweiss;3
;;;Paquerette;4
;;;Tournesol;11
;;;Oeillet;1
147;2;5;Anemone;13
148;1;1;Edelweiss;3
;;;Camelia;9
;;;Tulipe;1
148;2;1;Camelia;9
;;;Mimosa;6
148;3;2;Oeillet;5
;;;Dahlia;1
149;1;1;Camelia;1
;;;Anemone;1
;;;Pivoine;5
150;1;1;Tulipe;11
;;;Tournesol;2
;;;Tiare;1
150;2;3;Violette;2
;;;Oeillet;3
;;;Narcisse;5
;;;Glaieul;1
151;1;1;Tournesol;2
;;;Camelia;12
;;;Paquerette;4
151;2;1;Tournesol;16
;;;Tulipe;2
;;;Coquelicot;1
;;;Mimosa;1
151;3;3;Camelia;12
;;;Coquelicot;1
;;;Crocus;2
;;;Hortensia;1
;;;Oeillet;1
152;1;1;Narcisse;7
;;;Violette;7
;;;Edelweiss;1
;;;Hortensia;3
;;;Anemone;1
152;2;4;Jasmin;9
;;;Camelia;2
;;;Oeillet;4
;;;Chrysantheme;3
;;;Edelweiss;1
153;1;1;Tiare;11
;;;Chrysantheme;5
153;2;1;Tiare;14
;;;Chrysantheme;3
;;;Camelia;1
153;3;1;Violette;1
;;;Pivoine;6
;;;Crocus;1
;;;Lys;1
153;4;3;Jasmin;3
;;;Anemone;10
;;;Hortensia;3
;;;Paquerette;3
154;1;1;Tiare;6
;;;Coquelicot;7
;;;Dahlia;4
;;;Oeillet;2
;;;Jasmin;1
154;2;1;Hortensia;5
;;;Tulipe;4
;;;Dahlia;1
154;3;4;Tournesol;12
;;;Mimosa;5
155;1;1;Dahlia;5
;;;Rose;1
;;;Coquelicot;4
;;;Glaieul;1
;;;Mimosa;1
155;2;1;Lys;5
;;;Glaieul;2
156;1;1;Hortensia;6
;;;Glaieul;7
;;;Oeillet;2
;;;Coquelicot;3
156;2;2;Paquerette;12
;;;Edelweiss;3
;;;Rose;1
156;3;2;Tiare;18
157;1;1;Crocus;18
;;;Mimosa;1
157;2;2;Tulipe;18
158;1;1;Pivoine;11
158;2;3;Tulipe;18
;;;Tournesol;2
159;1;1;Oeillet;4
;;;Hortensia;2
;;;Tournesol;1
159;2;1;Tournesol;3
;;;Anemone;1
;;;Lys;1
159;3;1;Tulipe;2
;;;Tiare;2
;;;Jasmin;1
159;4;1;Tiare;6
;;;Tournesol;1
;;;Paquerette;1
159;5;2;Hortensia;9
;;;Camelia;9
;;;Glaieul;1
160;1;1;Coquelicot;9
;;;Camelia;2
160;2;2;Tulipe;4
;;;Tiare;1
;;;Paquerette;1
161;1;1;Tulipe;6
;;;Tournesol;3
161;2;1;Paquerette;1
;;;Crocus;5
;;;Narcisse;3
;;;Anemone;2
;;;Coquelicot;1
162;1;1;Violette;1
;;;Rose;12
;;;Coquelicot;6
;;;Lys;1
162;2;2;Glaieul;3
;;;Hortensia;5
;;;Oeillet;1
;;;Tulipe;1
163;1;1;Hortensia;3
;;;Pivoine;4
163;2;1;Jasmin;14
163;3;2;Hortensia;3
;;;Tournesol;6
;;;Narcisse;1
164;1;1;Camelia;6
;;;Dahlia;9
;;;Glaieul;3
164;2;1;Pivoine;5
;;;Tiare;1
;;;Camelia;1
164;3;2;Crocus;18
164;4;3;Violette;5
165;1;1;Paquerette;3
;;;Jasmin;13
165;2;3;Tulipe;4
;;;Anemone;1
166;1;1;Glaieul;1
;;;Tulipe;2
;;;Lys;2
166;2;1;Coquelicot;9
;;;Violette;1
;;;Mimosa;1
166;3;3;Narcisse;9
;;;Dahlia;10
167;1;1;Violette;2
;;;Narcisse;4
167;2;2;Violette;4
;;;Pivoine;1
168;1;1;Hortensia;2
;;;Paquerette;1
;;;Glaieul;2
;;;Oeillet;4
168;2;6;Violette;11
;;;Dahlia;3
169;1;1;Lys;2
;;;Tulipe;1
;;;Narcisse;7
169;2;1;Anemone;2
;;;Paquerette;2
;;;Coquelicot;1
;;;Oeillet;1
169;3;2;Crocus;16
;;;Tulipe;3
;;;Tiare;1
169;4;2;Narcisse;1
;;;Tournesol;2
;;;Jasmin;1
;;;Paquerette;2
;;;Camelia;1
170;1;1;Hortensia;5
;;;Tulipe;3
;;;Chrysantheme;1
170;2;1;Tulipe;1
;;;Narcisse;7
170;3;5;Camelia;10
;;;Pivoine;3
;;;Glaieul;1
171;1;1;Violette;4
;;;Tulipe;1
171;2;1;Tournesol;1
;;;Jasmin;4
171;3;3;Tiare;8
;;;Edelweiss;2
;;;Pivoine;1
172;1;1;Paquerette;10
;;;Crocus;2
172;2;2;Rose;4
;;;Tulipe;1
172;3;2;Anemone;4
;;;Coquelicot;1
;;;Jasmin;2
172;4;1;Camelia;10
;;;Pivoine;8
173;1;1;Edelweiss;4
;;;Rose;12
;;;Tournesol;3
;;;Camelia;1
173;2;1;Narcisse;3
;;;Camelia;4
173;3;4;Coquelicot;4
;;;Edelweiss;1
;;;Hortensia;2
174;1;1;Pivoine;7
;;;Mimosa;1
174;2;3;Glaieul;1
;;;Chrysantheme;1
;;;Lys;7
;;;Dahlia;1
175;1;1;Narcisse;8
;;;Rose;1
175;2;2;Lys;6
;;;Mimosa;5
;;;Crocus;1
175;3;3;Rose;14
;;;Tulipe;1
176;1;1;Anemone;1
;;;Violette;1
;;;Tournesol;2
;;;Oeillet;5
;;;Paquerette;1
;;;Camelia;1
177;1;1;Lys;12
;;;Tulipe;1
;;;Paquerette;2
;;;Oeillet;5
177;2;5;Oeillet;5
;;;Pivoine;3
;;;Tulipe;1
;;;Coquelicot;1
178;1;1;Rose;3
;;;Crocus;1
;;;Oeillet;4
;;;Narcisse;4
;;;Camelia;2
;;;Chrysantheme;1
178;2;4;Lys;9
;;;Mimosa;4
;;;Coquelicot;2
;;;Violette;1
;;;Camelia;1
179;1;1;Lys;6
;;;Jasmin;13
179;2;1;Glaieul;15
;;;Oeillet;1
;;;Dahlia;1
;;;Lys;1
180;1;1;Tiare;2
;;;Paquerette;5
;;;Camelia;1
;;;Violette;1
180;2;2;Rose;5
;;;Mimosa;1
;;;Jasmin;1
181;1;1;Violette;9
;;;Chrysantheme;3
;;;Mimosa;3
181;2;2;Hortensia;7
;;;Camelia;2
;;;Dahlia;1
;;;Narcisse;7
;;;Chrysantheme;1
182;1;1;Narcisse;6
;;;Oeillet;2
;;;Violette;1
182;2;1;Oeillet;10
;;;Glaieul;2
;;;Anemone;6
183;1;1;Edelweiss;5
;;;Glaieul;1
183;2;1;Edelweiss;6
;;;Chrysantheme;1
;;;Paquerette;1
;;;Narcisse;2
183;3;1;Glaieul;12
;;;Lys;3
;;;Oeillet;3
;;;Violette;2
183;4;4;Glaieul;6
;;;Anemone;1
;;;Tulipe;1
184;1;1;Rose;2
;;;Anemone;2
;;;Violette;2
184;2;1;Tiare;1
;;;Hortensia;13
;;;Anemone;2
;;;Lys;2
;;;Crocus;1
184;3;1;Violette;5
;;;Lys;1
184;4;4;Glaieul;5
;;;Violette;1
;;;Pivoine;1
;;;Crocus;1
185;1;1;Tulipe;8
;;;Crocus;3
;;;Anemone;1
185;2;1;Dahlia;2
;;;Mimosa;10
;;;Tournesol;1
185;3;2;Edelweiss;13
;;;Lys;1
;;;Coquelicot;2
;;;Crocus;2
;;;Chrysantheme;2
185;4;3;Narcisse;7
186;1;1;Hortensia;3
;;;Crocus;12
;;;Lys;1
;;;Violette;1
;;;Chrysantheme;1
187;1;1;Narcisse;1
;;;Glaieul;3
;;;Jasmin;2
;;;Coquelicot;1
187;2;2;Mimosa;6
;;;Anemone;1
;;;Jasmin;1
;;;Tiare;1
187;3;3;Hortensia;9
;;;Narcisse;4
;;;Glaieul;3
;;;Jasmin;2
;;;Edelweiss;1
188;1;1;Tiare;5
;;;Narcisse;1
;;;Violette;1
188;2;2;Tiare;4
;;;Dahlia;1
188;3;4;Hortensia;7
;;;Oeillet;2
189;1;1;Oeillet;15
;;;Mimosa;3
190;1;1;Tournesol;10
;;;Tulipe;1
190;2;1;Camelia;2
;;;Mimosa;2
;;;Chrysantheme;2
;;;Glaieul;1
190;3;2;Tournesol;10
;;;Tiare;3
190;4;1;Coquelicot;13
;;;Crocus;1
;;;Mimosa;2
;;;Jasmin;1
191;1;1;Tournesol;7
191;2;2;Pivoine;2
;;;Tulipe;8
;;;Crocus;1
191;3;1;Oeillet;6
;;;Tulipe;1
;;;Edelweiss;2
191;4;1;Camelia;9
;;;Tulipe;5
;;;Chrysantheme;1
;;;Glaieul;1
191;5;2;Oeillet;12
192;1;1;Crocus;12
;;;Chrysantheme;1
192;2;2;Hortensia;4
;;;Dahlia;8
193;1;1;Glaieul;1
;;;Hortensia;8
;;;Mimosa;2
193;2;1;Oeillet;2
;;;Jasmin;5
;;;Dahlia;5
;;;Camelia;1
;;;Hortensia;1
194;1;1;Narcisse;6
;;;Paquerette;10
194;2;2;Glaieul;11
;;;Lys;1
;;;Tiare;2
;;;Pivoine;1
;;;Hortensia;3
194;3;1;Camelia;4
;;;Violette;3
;;;Lys;1
;;;Tiare;1
195;1;1;Paquerette;10
;;;Lys;6
196;1;1;Oeillet;4
;;;Violette;4
;;;Tulipe;1
196;2;4;Lys;7
;;;Narcisse;3
;;;Rose;1
;;;Tiare;5
197;1;1;Coquelicot;17
;;;Crocus;2
197;2;2;Hortensia;7
;;;Coquelicot;1
;;;Anemone;1
198;1;1;Mimosa;3
;;;Glaieul;8
;;;Lys;3
;;;Crocus;2
;;;Oeillet;3
;;;Tiare;1
198;2;2;Tiare;2
;;;Mimosa;1
;;;Tournesol;1
;;;Coquelicot;2
198;3;1;Anemone;9
;;;Pivoine;1
;;;Jasmin;1
198;4;2;Tiare;7
;;;Chrysantheme;1
;;;Crocus;3
;;;Pivoine;1
;;;Oeillet;1
199;1;1;Oeillet;2
;;;Camelia;1
;;;Violette;2
;;;Paquerette;1
199;2;1;Pivoine;18
;;;Violette;2
199;3;1;Tiare;13
;;;Oeillet;2
;;;Narcisse;1
200;1;1;Paquerette;6
;;;Camelia;1
200;2;3;Glaieul;8
201;1;1;Narcisse;9
201;2;1;Crocus;9
;;;Rose;1
;;;Tulipe;1
201;3;4;Dahlia;19
;;;Crocus;1
202;1;1;Pivoine;4
;;;Oeillet;2
;;;Anemone;8
;;;Paquerette;4
202;2;4;Hortensia;14
203;1;1;Dahlia;16
203;2;3;Hortensia;6
204;1;1;Edelweiss;15
;;;Coquelicot;1
;;;Tiare;1
204;2;6;Crocus;6
;;;Edelweiss;5
;;;Camelia;2
;;;Violette;1
;;;Tiare;1
205;1;1;Narcisse;7
205;2;1;Camelia;6
;;;Pivoine;3
205;3;2;Tulipe;2
;;;Lys;11
;;;Narcisse;2
;;;Hortensia;1
;;;Camelia;1
206;1;1;Edelweiss;14
;;;Crocus;3
;;;Lys;1
206;2;2;Coquelicot;18
207;1;1;Edelweiss;10
;;;Violette;1
;;;Mimosa;1
207;2;1;Paquerette;10
;;;Lys;3
;;;Chrysantheme;2
207;3;1;Anemone;7
;;;Oeillet;6
;;;Pivoine;1
207;4;4;Mimosa;8
208;1;1;Jasmin;8
;;;Coquelicot;6
;;;Tulipe;3
;;;Violette;1
208;2;2;Dahlia;1
;;;Rose;3
;;;Violette;1
;;;Hortensia;1
;;;Crocus;1
208;3;2;Tiare;1
;;;Rose;2
;;;Tulipe;1
;;;Hortensia;1
208;4;1;Crocus;6
;;;Narcisse;3
;;;Rose;1
;;;Camelia;1
209;1;1;Lys;5
;;;Chrysantheme;1
209;2;1;Paquerette;8
;;;Crocus;3
;;;Pivoine;1
;;;Mimosa;3
209;3;3;Glaieul;10
210;1;1;Tournesol;5
;;;Mimosa;3
;;;Pivoine;1
;;;Oeillet;5
;;;Violette;1
210;2;2;Jasmin;7
;;;Hortensia;3
;;;Crocus;1
211;1;1;Camelia;1
;;;Dahlia;7
211;2;3;Chrysantheme;9
;;;Glaieul;7
;;;Oeillet;2
211;3;3;Edelweiss;2
;;;Oeillet;3
;;;Narcisse;4
212;1;1;Tournesol;3
;;;Camelia;3
;;;Glaieul;1
212;2;4;Tiare;6
;;;Rose;1
;;;Paquerette;1
212;3;2;Oeillet;3
;;;Tulipe;10
;;;Narcisse;5
213;1;1;Mimosa;15
;;;Hortensia;2
213;2;3;Jasmin;14
;;;Violette;1
214;1;1;Narcisse;6
;;;Tiare;3
215;1;1;Jasmin;6
;;;Oeillet;2
215;2;5;Glaieul;3
;;;Hortensia;6
;;;Dahlia;1
216;1;1;Tournesol;9
;;;Violette;1
217;1;1;Camelia;12
;;;Rose;3
217;2;1;Anemone;6
218;1;1;Paquerette;9
;;;Chrysantheme;2
;;;Tournesol;1
;;;Coquelicot;1
;;;Jasmin;1
218;2;1;Edelweiss;5
218;3;3;Tulipe;3
;;;Crocus;9
;;;Dahlia;1
219;1;1;Tiare;10
;;;Mimosa;2
;;;Violette;2
;;;Crocus;2
;;;Oeillet;1
;;;Jasmin;1
219;2;2;Lys;15
;;;Tiare;2
;;;Hortensia;1
220;1;1;Pivoine;12
;;;Tournesol;3
;;;Anemone;4
220;2;1;Glaieul;6
;;;Chrysantheme;3
;;;Oeillet;2
;;;Tournesol;1
221;1;1;Jasmin;2
;;;Rose;3
;;;Anemone;1
221;2;2;Chrysantheme;19
221;3;1;Tournesol;2
;;;Edelweiss;6
;;;Violette;1
221;4;1;Camelia;2
;;;Violette;2
;;;Narcisse;2
221;5;2;Camelia;11
;;;Narcisse;2
222;1;1;Dahlia;10
;;;Anemone;6
222;2;2;Lys;7
;;;Tournesol;1
222;3;2;Dahlia;12
;;;Lys;6
;;;Oeillet;1
222;4;2;Tournesol;8
;;;Oeillet;2
;;;Paquerette;1
223;1;1;Lys;7
;;;Hortensia;7
;;;Glaieul;1
;;;Mimosa;1
;;;Tulipe;1
224;1;1;Glaieul;11
224;2;2;Paquerette;5
;;;Coquelicot;3
;;;Camelia;5
;;;Mimosa;1
225;1;1;Glaieul;4
;;;Pivoine;2
;;;Dahlia;2
225;2;4;Edelweiss;2
;;;Mimosa;3
;;;Narcisse;3
226;1;1;Dahlia;7
;;;Anemone;2
;;;Tulipe;2
;;;Jasmin;1
;;;Oeillet;1
226;2;2;Anemone;11
226;3;3;Tournesol;2
;;;Coquelicot;4
;;;Jasmin;2
;;;Anemone;1
227;1;1;Glaieul;3
;;;Rose;4
;;;Narcisse;2
227;2;1;Camelia;1
;;;Oeillet;1
;;;Glaieul;3
;;;Tulipe;3
;;;Tournesol;3
227;3;5;Paquerette;9
;;;Tulipe;5
;;;Crocus;1
;;;Camelia;1
228;1;1;Edelweiss;13
;;;Glaieul;1
;;;Paquerette;2
228;2;4;Camelia;4
;;;Dahlia;6
229;1;1;Violette;14
;;;Chrysantheme;2
;;;Tiare;1
230;1;1;Coquelicot;7
;;;Hortensia;1
230;2;2;Glaieul;5
;;;Rose;1
;;;Tournesol;1
;;;Oeillet;2
;;;Narcisse;1
231;1;1;Narcisse;2
;;;Tiare;2
;;;Mimosa;3
232;1;1;Tournesol;14
232;2;1;Narcisse;1
;;;Mimosa;3
;;;Tournesol;6
;;;Tiare;3
;;;Hortensia;1
;;;Rose;1
232;3;5;Crocus;17
;;;Tiare;2
233;1;1;Lys;3
;;;Crocus;10
;;;Edelweiss;3
;;;Oeillet;1
;;;Mimosa;2
;;;Rose;1
234;1;1;Tournesol;4
;;;Paquerette;6
234;2;2;Dahlia;9
235;1;1;Paquerette;11
;;;Crocus;3
235;2;4;Narcisse;6
;;;Crocus;1
236;1;1;Mimosa;3
;;;Rose;4
;;;Chrysantheme;1
;;;Narcisse;1
236;2;6;Dahlia;3
;;;Paquerette;5
;;;Hortensia;2
237;1;1;Narcisse;1
;;;Camelia;10
237;2;1;Lys;6
;;;Glaieul;10
;;;Chrysantheme;1
238;1;1;Tournesol;8
;;;Anemone;8
;;;Camelia;2
;;;Crocus;2
238;2;1;Rose;7
;;;Edelweiss;3
;;;Dahlia;5
;;;Hortensia;1
238;3;1;Glaieul;4
;;;Rose;1
;;;Violette;1
;;;Edelweiss;1
;;;Camelia;3
;;;Coquelicot;2
238;4;2;Anemone;3
;;;Narcisse;1
;;;Dahlia;1
239;1;1;Paquerette;2
;;;Oeillet;2
;;;Anemone;2
;;;Mimosa;1
239;2;5;Tiare;3
;;;Jasmin;1
;;;Rose;1
240;1;1;Mimosa;4
;;;Paquerette;5
;;;Edelweiss;1
;;;Hortensia;1
241;1;1;Paquerette;10
;;;Violette;1
241;2;1;Tulipe;15
;;;Oeillet;2
;;;Camelia;1
242;1;1;Tulipe;6
243;1;1;Tiare;13
;;;Glaieul;2
;;;Chrysantheme;1
243;2;1;Jasmin;4
;;;Coquelicot;1
;;;Lys;1
243;3;1;Hortensia;15
;;;Mimosa;4
;;;Coquelicot;1
244;1;1;Narcisse;5
;;;Lys;3
;;;Camelia;5
;;;Tournesol;1
244;2;2;Crocus;7
;;;Lys;1
244;3;1;Lys;2
;;;Paquerette;1
;;;Glaieul;1
;;;Chrysantheme;2
;;;Tournesol;2
244;4;1;Jasmin;1
;;;Mimosa;2
;;;Coquelicot;2
245;1;1;Coquelicot;2
;;;Tournesol;6
;;;Dahlia;1
245;2;2;Jasmin;12
;;;Paquerette;4
;;;Pivoine;2
;;;Coquelicot;1
245;3;2;Tournesol;14
;;;Pivoine;2
;;;Edelweiss;1
;;;Anemone;1
246;1;1;Tiare;3
;;;Crocus;1
;;;Anemone;1
246;2;1;Lys;7
;;;Tournesol;1
247;1;1;Lys;1
;;;Crocus;4
247;2;3;Mimosa;1
;;;Hortensia;3
;;;Lys;1
247;3;1;Edelweiss;10
;;;Hortensia;1
;;;Pivoine;1
248;1;1;Oeillet;1
;;;Pivoine;14
;;;Dahlia;2
248;2;1;Pivoine;1
;;;Lys;6
248;3;1;Tournesol;5
;;;Chrysantheme;1
;;;Tulipe;1
248;4;2;Edelweiss;5
249;1;1;Paquerette;15
;;;Rose;1
249;2;1;Coquelicot;2
;;;Rose;2
;;;Oeillet;5
;;;Tournesol;1
249;3;3;Edelweiss;13
;;;Hortensia;2
250;1;1;Glaieul;12
;;;Violette;3
;;;Pivoine;1
;;;Jasmin;1
251;1;1;Mimosa;3
;;;Tulipe;1
;;;Chrysantheme;3
252;1;1;Chrysantheme;11
;;;Pivoine;1
;;;Anemone;3
;;;Hortensia;1
;;;Glaieul;1
252;2;2;Crocus;11
;;;Camelia;5
;;;Lys;1
252;3;3;Edelweiss;12
253;1;1;Tiare;19
253;2;3;Tulipe;5
;;;Crocus;6
;;;Jasmin;1
;;;Paquerette;1
254;1;1;Crocus;10
;;;Dahlia;1
254;2;1;Narcisse;2
;;;Chrysantheme;4
;;;Rose;1
254;3;3;Pivoine;3
;;;Oeillet;3
255;1;1;Lys;8
;;;Pivoine;8
;;;Dahlia;1
;;;Rose;1
255;2;4;Jasmin;5
256;1;1;Mimosa;5
256;2;2;Rose;20
257;1;1;Rose;5
;;;Coquelicot;6
257;2;3;Narcisse;1
;;;Tournesol;8
;;;Anemone;1
;;;Tiare;1
258;1;1;Paquerette;9
;;;Tournesol;4
;;;Coquelicot;3
;;;Crocus;1
258;2;1;Tournesol;9
;;;Glaieul;4
;;;Rose;2
;;;Narcisse;1
;;;Crocus;1
258;3;4;Jasmin;2
;;;Pivoine;8
;;;Narcisse;4
259;1;1;Glaieul;11
;;;Dahlia;9
259;2;1;Camelia;14
;;;Pivoine;2
;;;Crocus;1
259;3;2;Pivoine;5
;;;Chrysantheme;3
260;1;1;Narcisse;10
260;2;2;Chrysantheme;4
;;;Camelia;2
261;1;1;Coquelicot;3
;;;Chrysantheme;1
;;;Tulipe;1
262;1;1;Tournesol;2
;;;Mimosa;4
;;;Narcisse;2
;;;Anemone;1
;;;Pivoine;2
;;;Coquelicot;2
;;;Glaieul;1
262;2;1;Chrysantheme;12
;;;Crocus;3
262;3;2;Tiare;6
;;;Violette;3
;;;Anemone;1
;;;Rose;1
263;1;1;Camelia;13
;;;Lys;1
263;2;2;Narcisse;8
;;;Camelia;1
263;3;1;Narcisse;9
263;4;2;Narcisse;9
;;;Lys;2
;;;Glaieul;1
264;1;1;Camelia;10
264;2;1;Edelweiss;8
;;;Crocus;2
;;;Coquelicot;3
264;3;3;Chrysantheme;8
;;;Narcisse;7
;;;Pivoine;1
;;;Tulipe;1
265;1;1;Paquerette;11
;;;Rose;1
265;2;1;Dahlia;12
;;;Narcisse;1
;;;Edelweiss;3
;;;Paquerette;1
;;;Camelia;1
;;;Hortensia;1
265;3;1;Tulipe;11
265;4;1;Dahlia;16
;;;Camelia;1
266;1;1;Edelweiss;3
;;;Coquelicot;4
;;;Crocus;1
;;;Oeillet;1
266;2;6;Edelweiss;12
;;;Glaieul;3
267;1;1;Hortensia;1
;;;Lys;4
267;2;1;Edelweiss;3
;;;Crocus;14
267;3;3;Mimosa;6
268;1;1;Hortensia;7
;;;Violette;3
;;;Camelia;6
;;;Mimosa;1
268;2;1;Coquelicot;14
;;;Dahlia;1
;;;Crocus;1
268;3;5;Camelia;6
;;;Chrysantheme;1
;;;Crocus;1
269;1;1;Mimosa;3
;;;Jasmin;2
;;;Coquelicot;6
;;;Hortensia;7
269;2;1;Lys;2
;;;Pivoine;3
;;;Camelia;1
269;3;1;Camelia;12
;;;Tiare;1
269;4;2;Chrysantheme;6
;;;Glaieul;5
;;;Tournesol;1
270;1;1;Pivoine;15
;;;Crocus;1
;;;Violette;1
270;2;4;Camelia;7
;;;Anemone;2
271;1;1;Anemone;1
;;;Lys;14
;;;Rose;2
;;;Tiare;1
271;2;1;Mimosa;3
;;;Violette;4
271;3;1;Tulipe;8
;;;Lys;3
;;;Mimosa;3
;;;Paquerette;2
271;4;2;Edelweiss;16
;;;Violette;1
;;;Hortensia;2
271;5;2;Jasmin;18
;;;Tulipe;1
272;1;1;Rose;4
;;;Camelia;4
;;;Anemone;1
;;;Chrysantheme;6
;;;Oeillet;1
272;2;5;Dahlia;15
273;1;1;Dahlia;19
273;2;5;Edelweiss;10
;;;Camelia;1
;;;Crocus;2
;;;Paquerette;2
274;1;1;Violette;6
;;;Dahlia;3
274;2;1;Glaieul;7
;;;Oeillet;2
;;;Pivoine;1
274;3;5;Mimosa;15
;;;Lys;2
;;;Tulipe;3
275;1;1;Lys;2
;;;Mimosa;2
;;;Dahlia;9
;;;Tiare;1
;;;Hortensia;3
275;2;1;Hortensia;5
;;;Tulipe;1
275;3;3;Camelia;4
;;;Mimosa;1
276;1;1;Rose;8
;;;Narcisse;4
;;;Oeillet;3
276;2;2;Paquerette;11
;;;Hortensia;3
;;;Lys;1
;;;Glaieul;1
277;1;1;Lys;8
;;;Crocus;1
;;;Paquerette;3
277;2;2;Chrysantheme;4
;;;Dahlia;6
277;3;2;Violette;6
;;;Anemone;5
;;;Paquerette;4
;;;Chrysantheme;1
278;1;1;Coquelicot;3
;;;Hortensia;1
;;;Tiare;4
278;2;2;Oeillet;2
;;;Violette;6
;;;Paquerette;4
;;;Anemone;2
;;;Hortensia;2
;;;Tiare;1
;;;Lys;2
278;3;1;Tournesol;5
;;;Camelia;4
;;;Narcisse;1
;;;Edelweiss;9
278;4;1;Rose;1
;;;Violette;1
;;;Lys;3
278;5;1;Tiare;1
;;;Coquelicot;2
;;;Hortensia;2
279;1;1;Oeillet;1
;;;Tulipe;1
;;;Violette;3
279;2;2;Dahlia;11
;;;Tulipe;5
280;1;1;Anemone;6
;;;Coquelicot;1
280;2;4;Coquelicot;12
;;;Lys;1
;;;Narcisse;1
281;1;1;Coquelicot;6
;;;Tournesol;1
281;2;3;Paquerette;2
;;;Crocus;1
;;;Anemone;2
282;1;1;Chrysantheme;2
;;;Narcisse;13
;;;Tournesol;3
282;2;1;Violette;2
;;;Edelweiss;6
;;;Rose;1
;;;Glaieul;1
282;3;2;Coquelicot;13
;;;Tournesol;1
;;;Anemone;1
;;;Glaieul;4
;;;Mimosa;1
283;1;1;Hortensia;12
284;1;1;Rose;12
;;;Lys;2
;;;Hortensia;2
284;2;1;Pivoine;1
;;;Violette;9
284;3;1;Paquerette;15
284;4;1;Tournesol;4
;;;Narcisse;1
284;5;1;Oeillet;6
;;;Chrysantheme;9
;;;Coquelicot;1
284;6;1;Dahlia;3
;;;Tulipe;2
;;;Edelweiss;2
285;1;1;Mimosa;4
;;;Lys;3
;;;Anemone;1
;;;Coquelicot;3
286;1;1;Tiare;10
;;;Narcisse;1
;;;Camelia;3
286;2;3;Rose;3
;;;Tiare;2
287;1;1;Jasmin;4
;;;Coquelicot;1
287;2;4;Lys;10
288;1;1;Rose;5
;;;Oeillet;4
288;2;1;Paquerette;1
;;;Dahlia;3
;;;Lys;2
288;3;1;Dahlia;7
;;;Narcisse;1
;;;Anemone;1
;;;Glaieul;1
288;4;3;Anemone;14
289;1;1;Tulipe;7
;;;Hortensia;2
289;2;5;Tiare;10
;;;Tournesol;7
290;1;1;Oeillet;1
;;;Tiare;15
;;;Jasmin;1
;;;Coquelicot;2
;;;Violette;1
290;2;3;Paquerette;7
;;;Camelia;6
;;;Tournesol;4
;;;Crocus;1
291;1;1;Coquelicot;9
;;;Jasmin;5
291;2;1;Narcisse;5
;;;Violette;10
;;;Tiare;1
291;3;5;Coquelicot;7
;;;Violette;3
292;1;1;Jasmin;1
;;;Edelweiss;4
;;;Narcisse;4
;;;Oeillet;3
;;;Tiare;1
;;;Tournesol;1
292;2;1;Mimosa;8
;;;Narcisse;1
292;3;1;Lys;1
;;;Mimosa;3
;;;Camelia;1
;;;Violette;2
292;4;4;Tiare;6
293;1;1;Camelia;1
;;;Chrysantheme;18
;;;Violette;1
293;2;1;Crocus;18
294;1;1;Narcisse;5
294;2;1;Dahlia;17
294;3;3;Camelia;8
;;;Rose;1
;;;Glaieul;6
;;;Paquerette;2
;;;Oeillet;1
;;;Crocus;1
295;1;1;Narcisse;2
;;;Tournesol;1
;;;Paquerette;3
;;;Violette;1
;;;Coquelicot;1
295;2;1;Jasmin;1
;;;Coquelicot;3
;;;Crocus;1
295;3;4;Tournesol;7
;;;Oeillet;3
296;1;1;Narcisse;2
;;;Glaieul;1
;;;Lys;3
;;;Camelia;1
;;;Jasmin;1
296;2;2;Tulipe;13
;;;Hortensia;2
;;;Anemone;3
297;1;1;Hortensia;6
;;;Lys;5
297;2;4;Crocus;13
;;;Paquerette;2
298;1;1;Edelweiss;8
;;;Chrysantheme;2
;;;Tulipe;1
;;;Rose;1
298;2;4;Hortensia;2
;;;Oeillet;1
;;;Edelweiss;2
;;;Tournesol;3
;;;Anemone;1
;;;Coquelicot;1
299;1;1;Glaieul;12
;;;Mimosa;1
299;2;4;Chrysantheme;13
;;;Lys;3
300;1;1;Hortensia;2
;;;Edelweiss;3
300;2;1;Pivoine;5
;;;Coquelicot;4
;;;Tulipe;3
300;3;3;Coquelicot;15
;;;Rose;3
301;1;1;Mimosa;6
;;;Rose;1
;;;Lys;2
;;;Violette;6
;;;Camelia;4
301;2;1;Jasmin;4
;;;Paquerette;10
;;;Tulipe;1
302;1;1;Paquerette;3
;;;Rose;2
;;;Crocus;1
302;2;3;Lys;6
;;;Crocus;1
302;3;1;Tiare;8
;;;Pivoine;1
;;;Narcisse;2
302;4;1;Narcisse;2
;;;Crocus;9
;;;Dahlia;1
303;1;1;Narcisse;6
;;;Coquelicot;4
;;;Mimosa;2
;;;Dahlia;1
;;;Lys;1
303;2;5;Pivoine;12
;;;Mimosa;4
;;;Edelweiss;2
;;;Glaieul;1
;;;Camelia;1
304;1;1;Coquelicot;10
;;;Crocus;5
;;;Anemone;2
;;;Tulipe;1
304;2;1;Tiare;13
;;;Mimosa;2
;;;Dahlia;1
304;3;2;Pivoine;16
;;;Narcisse;1
;;;Edelweiss;1
305;1;1;Jasmin;10
;;;Narcisse;2
;;;Hortensia;1
;;;Coquelicot;1
305;2;1;Coquelicot;3
;;;Camelia;1
;;;Tournesol;1
305;3;2;Hortensia;1
;;;Tournesol;2
;;;Tiare;1
;;;Oeillet;1
306;1;1;Crocus;14
;;;Tulipe;1
306;2;1;Jasmin;5
;;;Tiare;4
;;;Narcisse;7
306;3;1;Tulipe;12
;;;Chrysantheme;6
307;1;1;Chrysantheme;4
;;;Coquelicot;2
;;;Hortensia;1
307;2;1;Anemone;6
;;;Glaieul;1
307;3;3;Hortensia;11
;;;Anemone;2
;;;Tiare;2
308;1;1;Paquerette;11
;;;Tournesol;3
308;2;2;Crocus;2
;;;Anemone;3
;;;Camelia;1
;;;Hortensia;1
;;;Jasmin;1
;;;Narcisse;1
309;1;1;Pivoine;4
;;;Tiare;2
;;;Tulipe;5
;;;Hortensia;1
309;2;1;Glaieul;3
;;;Tiare;8
;;;Paquerette;1
;;;Chrysantheme;1
309;3;1;Chrysantheme;18
;;;Tulipe;1
309;4;1;Rose;5
;;;Crocus;1
;;;Coquelicot;3
309;5;2;Hortensia;13
;;;Coquelicot;1
;;;Pivoine;1
;;;Rose;3
;;;Anemone;1
310;1;1;Paquerette;13
;;;Pivoine;3
310;2;6;Tournesol;8
;;;Oeillet;2
311;1;1;Tulipe;9
;;;Crocus;4
;;;Tournesol;2
;;;Edelweiss;2
311;2;5;Anemone;1
;;;Rose;4
;;;Edelweiss;1
312;1;1;Narcisse;13
;;;Lys;1
;;;Paquerette;4
;;;Chrysantheme;1
;;;Camelia;1
312;2;1;Tulipe;2
;;;Camelia;1
;;;Crocus;3
;;;Glaieul;1
312;3;1;Oeillet;2
;;;Edelweiss;2
;;;Anemone;1
312;4;2;Jasmin;1
;;;Tiare;9
;;;Edelweiss;1
312;5;2;Coquelicot;2
;;;Camelia;4
313;1;1;Dahlia;6
;;;Paquerette;4
;;;Pivoine;3
313;2;1;Anemone;6
;;;Tiare;4
314;1;1;Pivoine;10
;;;Narcisse;1
;;;Paquerette;1
315;1;1;Hortensia;4
;;;Narcisse;2
;;;Anemone;3
;;;Tulipe;1
315;2;1;Camelia;12
;;;Dahlia;5
;;;Coquelicot;1
315;3;2;Anemone;15
;;;Oeillet;1
;;;Crocus;1
316;1;1;Violette;6
;;;Narcisse;7
316;2;1;Rose;2
;;;Hortensia;1
;;;Oeillet;3
316;3;1;Mimosa;1
;;;Coquelicot;1
;;;Lys;3
317;1;1;Coquelicot;7
;;;Chrysantheme;2
;;;Tournesol;1
317;2;1;Lys;13
;;;Jasmin;1
;;;Oeillet;1
318;1;1;Chrysantheme;7
;;;Lys;1
;;;Oeillet;1
;;;Dahlia;1
319;1;1;Anemone;5
319;2;2;Crocus;11
;;;Coquelicot;4
320;1;1;Camelia;8
;;;Anemone;8
;;;Coquelicot;1
320;2;2;Mimosa;2
;;;Tulipe;3
;;;Paquerette;1
321;1;1;Tiare;18
;;;Anemone;1
;;;Dahlia;1
321;2;1;Rose;9
;;;Hortensia;1
321;3;1;Camelia;3
;;;Tournesol;10
;;;Mimosa;3
321;4;2;Crocus;3
;;;Oeillet;1
;;;Hortensia;6
;;;Glaieul;1
;;;Rose;1
322;1;1;Paquerette;13
322;2;1;Tulipe;7
;;;Crocus;2
322;3;3;Hortensia;7
;;;Rose;2
;;;Tournesol;6
;;;Crocus;1
;;;Jasmin;1
323;1;1;Crocus;8
323;2;3;Lys;1
;;;Glaieul;8
;;;Coquelicot;4
324;1;1;Chrysantheme;7
;;;Lys;5
;;;Violette;1
;;;Tiare;2
324;2;2;Oeillet;13
;;;Mimosa;1
325;1;1;Chrysantheme;15
325;2;1;Tournesol;14
;;;Lys;2
;;;Coquelicot;1
326;1;1;Camelia;4
;;;Chrysantheme;1
;;;Glaieul;3
326;2;3;Paquerette;7
327;1;1;Chrysantheme;14
;;;Dahlia;1
;;;Coquelicot;2
;;;Violette;1
327;2;2;Coquelicot;5
;;;Hortensia;9
;;;Violette;1
328;1;1;Violette;7
;;;Edelweiss;1
;;;Rose;1
328;2;1;Hortensia;4
;;;Paquerette;11
;;;Lys;1
328;3;2;Oeillet;5
;;;Tournesol;2
;;;Chrysantheme;2
329;1;1;Pivoine;1
;;;Edelweiss;15
;;;Narcisse;1
;;;Glaieul;1
;;;Lys;1
329;2;1;Rose;7
;;;Chrysantheme;8
;;;Violette;4
330;1;1;Anemone;5
;;;Violette;4
330;2;2;Mimosa;14
;;;Oeillet;5
331;1;1;Oeillet;6
;;;Tiare;7
;;;Jasmin;4
331;2;3;Coquelicot;11
;;;Chrysantheme;2
;;;Glaieul;1
;;;Pivoine;1
;;;Anemone;1
;;;Tulipe;1
332;1;1;Glaieul;5
;;;Hortensia;3
332;2;2;Rose;5
;;;Edelweiss;11
332;3;2;Edelweiss;8
332;4;2;Crocus;12
;;;Edelweiss;1
333;1;1;Crocus;3
;;;Tournesol;4
;;;Edelweiss;1
;;;Dahlia;2
;;;Mimosa;2
333;2;3;Narcisse;6
334;1;1;Violette;15
;;;Pivoine;3
334;2;3;Edelweiss;3
;;;Lys;1
;;;Chrysantheme;3
;;;Tournesol;2
335;1;1;Anemone;10
;;;Pivoine;1
;;;Narcisse;4
;;;Tulipe;1
335;2;3;Pivoine;7
;;;Rose;1
336;1;1;Dahlia;6
;;;Paquerette;3
;;;Violette;4
336;2;1;Chrysantheme;8
;;;Violette;7
336;3;2;Mimosa;2
;;;Lys;1
;;;Rose;3
337;1;1;Violette;13
;;;Chrysantheme;3
;;;Jasmin;1
;;;Mimosa;2
337;2;2;Rose;2
;;;Tulipe;1
;;;Oeillet;2
337;3;2;Narcisse;6
337;4;2;Paquerette;10
;;;Oeillet;2
;;;Rose;2
338;1;1;Coquelicot;1
;;;Crocus;14
;;;Jasmin;5
338;2;1;Lys;8
;;;Rose;6
;;;Coquelicot;2
;;;Tulipe;3
;;;Glaieul;1
338;3;3;Crocus;7
;;;Edelweiss;5
339;1;1;Dahlia;9
;;;Tiare;2
;;;Anemone;1
339;2;2;Chrysantheme;6
;;;Camelia;1
340;1;1;Jasmin;2
;;;Rose;3
;;;Violette;7
;;;Coquelicot;1
;;;Camelia;1
340;2;1;Chrysantheme;17
;;;Tulipe;1
340;3;3;Edelweiss;2
;;;Lys;4
;;;Mimosa;2
;;;Anemone;3
;;;Tournesol;1
341;1;1;Crocus;4
;;;Oeillet;3
;;;Lys;1
;;;Camelia;5
;;;Hortensia;1
342;1;1;Crocus;5
;;;Coquelicot;6
342;2;2;Mimosa;7
;;;Tulipe;1
;;;Paquerette;1
343;1;1;Oeillet;1
;;;Jasmin;5
;;;Anemone;1
343;2;3;Pivoine;5
;;;Anemone;7
;;;Coquelicot;1
;;;Edelweiss;4
;;;Dahlia;1
344;1;1;Oeillet;12
;;;Chrysantheme;4
;;;Tiare;4
344;2;3;Tiare;19
;;;Oeillet;1
345;1;1;Dahlia;4
;;;Jasmin;2
;;;Camelia;1
;;;Chrysantheme;2
;;;Tiare;1
345;2;3;Lys;18
346;1;1;Narcisse;1
;;;Oeillet;1
;;;Glaieul;3
346;2;2;Camelia;19
;;;Narcisse;1
346;3;1;Camelia;1
;;;Rose;11
;;;Lys;3
347;1;1;Violette;1
;;;Dahlia;5
;;;Paquerette;6
;;;Tiare;1
;;;Coquelicot;1
347;2;3;Dahlia;4
;;;Lys;2
348;1;1;Pivoine;7
;;;Tulipe;1
;;;Coquelicot;2
;;;Camelia;1
348;2;3;Pivoine;4
;;;Lys;3
;;;Hortensia;1
349;1;1;Rose;15
;;;Chrysantheme;5
349;2;2;Hortensia;15
;;;Tournesol;4
349;3;1;Mimosa;4
;;;Tournesol;7
;;;Paquerette;1
349;4;3;Dahlia;6
;;;Paquerette;1
;;;Jasmin;2
350;1;1;Coquelicot;2
;;;Camelia;2
;;;Crocus;1
350;2;1;Hortensia;3
;;;Coquelicot;1
;;;Paquerette;1
350;3;3;Paquerette;1
;;;Crocus;5
350;4;2;Mimosa;5
;;;Narcisse;2
;;;Dahlia;2
351;1;1;Anemone;1
;;;Tournesol;3
;;;Chrysantheme;3
;;;Violette;3
;;;Hortensia;3
352;1;1;Coquelicot;4
;;;Narcisse;4
;;;Dahlia;3
352;2;1;Mimosa;2
;;;Violette;5
;;;Dahlia;8
;;;Anemone;1
;;;Hortensia;1
;;;Oeillet;1
352;3;1;Chrysantheme;5
;;;Dahlia;3
;;;Camelia;7
;;;Anemone;1
;;;Tiare;1
353;1;1;Tulipe;5
;;;Lys;1
;;;Crocus;5
;;;Dahlia;5
353;2;2;Crocus;4
;;;Lys;2
;;;Pivoine;2
;;;Tulipe;3
354;1;1;Paquerette;4
;;;Tournesol;3
;;;Tiare;4
;;;Hortensia;1
354;2;1;Chrysantheme;1
;;;Glaieul;2
;;;Hortensia;1
;;;Tournesol;7
354;3;4;Pivoine;4
;;;Coquelicot;1
;;;Chrysantheme;2
;;;Anemone;1
;;;Mimosa;2
;;;Glaieul;1
355;1;1;Tournesol;6
355;2;3;Glaieul;5
;;;Tulipe;11
;;;Jasmin;1
;;;Anemone;1
356;1;1;Violette;14
;;;Glaieul;3
357;1;1;Lys;14
;;;Tournesol;1
;;;Crocus;1
;;;Glaieul;2
;;;Violette;2
358;1;1;Anemone;7
;;;Hortensia;8
;;;Mimosa;1
;;;Pivoine;3
358;2;6;Coquelicot;5
;;;Dahlia;9
359;1;1;Pivoine;4
;;;Mimosa;5
;;;Glaieul;2
;;;Lys;4
359;2;1;Jasmin;3
;;;Tulipe;6
;;;Narcisse;2
;;;Oeillet;1
;;;Coquelicot;1
359;3;3;Jasmin;1
;;;Edelweiss;1
;;;Dahlia;1
;;;Crocus;1
;;;Camelia;2
359;4;2;Dahlia;5
;;;Oeillet;4
;;;Crocus;4
;;;Tiare;5
;;;Coquelicot;1
360;1;1;Chrysantheme;3
;;;Paquerette;6
360;2;2;Coquelicot;9
361;1;1;Paquerette;7
;;;Lys;8
;;;Tournesol;1
;;;Hortensia;2
361;2;2;Violette;1
;;;Oeillet;1
;;;Glaieul;1
;;;Tulipe;4
;;;Tiare;9
;;;Pivoine;1
362;1;1;Tournesol;1
;;;Pivoine;2
;;;Tulipe;4
;;;Lys;3
;;;Paquerette;2
;;;Rose;3
;;;Coquelicot;1
362;2;4;Jasmin;4
;;;Tulipe;1
363;1;1;Tulipe;3
;;;Glaieul;1
;;;Mimosa;1
364;1;1;Camelia;5
;;;Rose;1
364;2;1;Mimosa;10
;;;Camelia;2
;;;Tournesol;2
;;;Pivoine;1
;;;Rose;1
;;;Coquelicot;1
364;3;3;Tournesol;7
;;;Anemone;3
;;;Glaieul;1
365;1;1;Oeillet;13
365;2;6;Tournesol;4
;;;Anemone;1
;;;Rose;2
;;;Crocus;6
;;;Tulipe;1
366;1;1;Dahlia;4
;;;Glaieul;1
;;;Camelia;5
366;2;2;Lys;1
;;;Chrysantheme;1
;;;Tulipe;1
;;;Glaieul;3
;;;Jasmin;1
366;3;3;Tulipe;2
;;;Coquelicot;2
;;;Paquerette;2
;;;Tiare;3
367;1;1;Chrysantheme;5
;;;Mimosa;6
;;;Narcisse;3
;;;Violette;1
367;2;1;Dahlia;12
;;;Paquerette;5
;;;Hortensia;1
;;;Lys;1
367;3;2;Lys;2
;;;Jasmin;7
;;;Narcisse;2
;;;Paquerette;1
;;;Camelia;1
368;1;1;Paquerette;8
;;;Lys;5
;;;Anemone;2
;;;Crocus;1
368;2;1;Dahlia;2
;;;Coquelicot;2
;;;Tulipe;1
368;3;2;Glaieul;11
;;;Dahlia;3
369;1;1;Narcisse;11
;;;Pivoine;1
;;;Lys;1
;;;Dahlia;3
;;;Coquelicot;1
;;;Tulipe;2
369;2;1;Narcisse;2
;;;Paquerette;5
;;;Edelweiss;6
370;1;1;Jasmin;3
;;;Glaieul;8
;;;Lys;1
;;;Hortensia;2
;;;Edelweiss;1
;;;Coquelicot;1
370;2;2;Paquerette;11
;;;Glaieul;1
;;;Jasmin;2
;;;Mimosa;1
370;3;4;Crocus;14
;;;Tulipe;2
;;;Violette;1
371;1;1;Pivoine;4
;;;Camelia;4
;;;Rose;2
;;;Anemone;1
371;2;2;Edelweiss;1
;;;Pivoine;3
;;;Narcisse;2
372;1;1;Coquelicot;14
372;2;2;Glaieul;8
;;;Tournesol;3
;;;Violette;5
;;;Paquerette;1
373;1;1;Anemone;2
;;;Edelweiss;3
;;;Tulipe;1
373;2;1;Lys;2
;;;Paquerette;4
;;;Anemone;1
;;;Mimosa;1
;;;Tiare;1
374;1;1;Tournesol;13
;;;Oeillet;2
;;;Tulipe;2
374;2;2;Jasmin;5
;;;Lys;6
;;;Hortensia;1
;;;Chrysantheme;4
375;1;1;Rose;1
;;;Narcisse;2
;;;Anemone;4
375;2;1;Narcisse;19
;;;Hortensia;1
375;3;3;Tulipe;4
;;;Chrysantheme;1
;;;Anemone;1
375;4;2;Crocus;6
;;;Chrysantheme;3
376;1;1;Hortensia;6
;;;Tulipe;3
;;;Dahlia;1
;;;Jasmin;1
376;2;1;Crocus;15
;;;Oeillet;4
376;3;3;Oeillet;19
;;;Tiare;1
377;1;1;Dahlia;10
;;;Rose;3
;;;Anemone;1
;;;Coquelicot;1
377;2;3;Lys;6
;;;Tournesol;11
;;;Mimosa;1
;;;Tiare;1
;;;Rose;1
378;1;1;Tournesol;8
;;;Narcisse;4
;;;Glaieul;2
378;2;4;Anemone;4
;;;Tulipe;5
;;;Narcisse;5
;;;Paquerette;1
378;3;2;Tiare;9
;;;Tournesol;3
;;;Rose;8
379;1;1;Chrysantheme;7
;;;Glaieul;4
;;;Edelweiss;1
380;1;1;Coquelicot;6
;;;Paquerette;5
;;;Crocus;2
380;2;6;Oeillet;9
;;;Glaieul;2
381;1;1;Tulipe;10
;;;Coquelicot;1
;;;Pivoine;1
;;;Tournesol;4
;;;Mimosa;1
381;2;3;Dahlia;7
;;;Rose;4
;;;Camelia;2
;;;Coquelicot;1
;;;Mimosa;3
;;;Tulipe;1
;;;Anemone;1
381;3;1;Tiare;6
;;;Violette;3
382;1;1;Pivoine;1
;;;Tulipe;1
;;;Dahlia;1
;;;Edelweiss;4
;;;Lys;1
382;2;5;Chrysantheme;5
;;;Tiare;4
;;;Crocus;1
383;1;1;Jasmin;13
;;;Coquelicot;1
;;;Paquerette;2
383;2;4;Pivoine;1
;;;Lys;3
;;;Tiare;2
;;;Camelia;3
383;3;2;Chrysantheme;4
;;;Anemone;1
384;1;1;Pivoine;9
;;;Narcisse;6
;;;Tiare;1
;;;Camelia;1
384;2;4;Glaieul;4
;;;Camelia;3
;;;Jasmin;2
385;1;1;Coquelicot;2
;;;Jasmin;6
;;;Violette;3
;;;Oeillet;2
;;;Narcisse;1
385;2;1;Anemone;1
;;;Edelweiss;4
;;;Tulipe;1
385;3;2;Edelweiss;5
385;4;2;Lys;4
;;;Tulipe;1
386;1;1;Glaieul;16
;;;Camelia;1
386;2;2;Edelweiss;10
;;;Jasmin;3
;;;Oeillet;1
387;1;1;Pivoine;5
;;;Hortensia;2
;;;Tournesol;1
;;;Coquelicot;8
;;;Anemone;2
;;;Edelweiss;1
387;2;3;Jasmin;3
;;;Chrysantheme;3
;;;Tiare;4
;;;Anemone;1
387;3;1;Pivoine;12
;;;Hortensia;5
387;4;2;Pivoine;8
;;;Camelia;11
388;1;1;Dahlia;12
;;;Anemone;1
;;;Chrysantheme;3
388;2;2;Violette;5
;;;Dahlia;4
389;1;1;Tiare;4
;;;Rose;1
;;;Violette;1
;;;Coquelicot;1
389;2;1;Rose;7
;;;Glaieul;3
;;;Lys;1
;;;Tournesol;1
389;3;5;Mimosa;10
;;;Rose;3
390;1;1;Crocus;7
390;2;1;Coquelicot;7
;;;Violette;3
;;;Tiare;1
390;3;1;Chrysantheme;13
;;;Crocus;1
;;;Pivoine;1
390;4;3;Chrysantheme;3
;;;Rose;5
;;;Edelweiss;2
;;;Tiare;1
391;1;1;Edelweiss;7
;;;Anemone;1
391;2;2;Tiare;1
;;;Glaieul;12
;;;Lys;5
;;;Camelia;2
392;1;1;Tournesol;1
;;;Pivoine;3
;;;Glaieul;1
392;2;3;Coquelicot;6
;;;Violette;7
;;;Camelia;5
393;1;1;Tiare;2
;;;Narcisse;3
;;;Tournesol;3
;;;Pivoine;5
;;;Coquelicot;1
393;2;1;Lys;12
;;;Hortensia;7
;;;Oeillet;1
393;3;3;Chrysantheme;12
;;;Dahlia;3
;;;Lys;1
394;1;1;Mimosa;4
;;;Hortensia;3
;;;Pivoine;6
;;;Dahlia;1
;;;Tiare;1
394;2;1;Paquerette;5
;;;Dahlia;1
394;3;1;Paquerette;2
;;;Tournesol;9
;;;Violette;5
;;;Tiare;1
;;;Mimosa;1
395;1;1;Edelweiss;4
;;;Narcisse;5
;;;Pivoine;6
;;;Chrysantheme;5
395;2;1;Dahlia;18
;;;Tulipe;1
;;;Chrysantheme;1
395;3;3;Coquelicot;7
396;1;1;Rose;12
;;;Paquerette;3
;;;Mimosa;2
;;;Coquelicot;1
396;2;1;Coquelicot;10
;;;Violette;1
;;;Rose;2
;;;Anemone;1
396;3;1;Crocus;4
;;;Narcisse;2
;;;Coquelicot;5
396;4;4;Pivoine;4
;;;Violette;10
397;1;1;Tournesol;6
;;;Mimosa;4
;;;Tulipe;1
397;2;5;Glaieul;12
;;;Lys;1
;;;Tiare;1
398;1;1;Edelweiss;4
;;;Narcisse;1
398;2;1;Oeillet;6
;;;Dahlia;5
;;;Hortensia;9
399;1;1;Tulipe;5
;;;Lys;2
;;;Anemone;1
399;2;2;Coquelicot;8
;;;Hortensia;4
399;3;1;Glaieul;3
;;;Jasmin;5
;;;Hortensia;3
;;;Edelweiss;1
;;;Camelia;2
399;4;1;Pivoine;1
;;;Coquelicot;8
399;5;2;Lys;6
;;;Chrysantheme;7
;;;Narcisse;1
400;1;1;Glaieul;4
;;;Camelia;8
;;;Paquerette;5
;;;Oeillet;1
400;2;2;Dahlia;5
;;;Chrysantheme;5
;;;Pivoine;2
;;;Tournesol;2
;;;Mimosa;1
;;;Hortensia;1
400;3;3;Paquerette;2
;;;Chrysantheme;3
401;1;1;Coquelicot;5
;;;Pivoine;6
;;;Camelia;4
401;2;1;Tournesol;2
;;;Lys;13
;;;Jasmin;1
;;;Mimosa;1
401;3;1;Camelia;2
;;;Narcisse;5
;;;Tulipe;1
401;4;1;Jasmin;11
;;;Chrysantheme;7
402;1;1;Glaieul;9
;;;Rose;1
;;;Oeillet;1
402;2;1;Coquelicot;15
;;;Chrysantheme;1
;;;Narcisse;1
402;3;3;Violette;4
;;;Mimosa;1
403;1;1;Jasmin;4
;;;Paquerette;2
403;2;2;Paquerette;3
;;;Pivoine;1
;;;Tiare;1
404;1;1;Jasmin;4
;;;Glaieul;13
;;;Camelia;1
404;2;1;Tulipe;4
;;;Tiare;8
;;;Glaieul;4
;;;Oeillet;1
404;3;5;Chrysantheme;4
;;;Violette;1
;;;Tiare;2
;;;Lys;3
405;1;1;Tournesol;18
;;;Violette;1
405;2;2;Hortensia;8
;;;Crocus;2
406;1;1;Chrysantheme;12
;;;Anemone;2
;;;Mimosa;2
;;;Narcisse;1
406;2;5;Paquerette;5
;;;Edelweiss;1
;;;Crocus;1
;;;Rose;1
407;1;1;Hortensia;7
;;;Tiare;1
;;;Anemone;3
;;;Jasmin;1
407;2;2;Violette;10
;;;Mimosa;1
;;;Tiare;1
;;;Coquelicot;2
;;;Tournesol;1
408;1;1;Rose;9
;;;Oeillet;1
;;;Glaieul;4
408;2;1;Oeillet;17
;;;Camelia;1
408;3;2;Camelia;2
;;;Dahlia;4
409;1;1;Lys;12
;;;Crocus;7
409;2;2;Coquelicot;9
410;1;1;Edelweiss;9
;;;Hortensia;1
410;2;2;Hortensia;4
;;;Coquelicot;1
410;3;1;Hortensia;16
410;4;1;Tiare;1
;;;Chrysantheme;17
410;5;2;Camelia;6
;;;Chrysantheme;2
411;1;1;Tiare;2
;;;Coquelicot;1
;;;Edelweiss;12
;;;Violette;1
411;2;3;Pivoine;5
;;;Tiare;2
;;;Dahlia;3
;;;Narcisse;3
411;3;1;Anemone;12
;;;Crocus;1
;;;Jasmin;4
411;4;1;Edelweiss;2
;;;Paquerette;3
;;;Rose;10
412;1;1;Edelweiss;4
;;;Paquerette;1
;;;Anemone;1
412;2;1;Mimosa;2
;;;Rose;5
;;;Hortensia;1
412;3;1;Anemone;14
;;;Lys;6
412;4;1;Dahlia;5
;;;Coquelicot;2
;;;Anemone;1
;;;Paquerette;1
412;5;1;Tulipe;4
;;;Tournesol;3
413;1;1;Oeillet;2
;;;Crocus;17
413;2;1;Crocus;19
;;;Paquerette;1
413;3;2;Edelweiss;8
;;;Violette;2
;;;Anemone;1
;;;Oeillet;1
413;4;1;Hortensia;5
413;5;2;Violette;10
;;;Edelweiss;2
;;;Chrysantheme;3
414;1;1;Jasmin;13
;;;Dahlia;5
414;2;5;Hortensia;7
;;;Anemone;10
415;1;1;Hortensia;5
415;2;5;Chrysantheme;3
;;;Crocus;14
;;;Anemone;1
;;;Violette;1
416;1;1;Pivoine;1
;;;Tournesol;3
;;;Rose;8
416;2;2;Camelia;6
417;1;1;Jasmin;11
;;;Oeillet;1
417;2;5;Tulipe;5
418;1;1;Glaieul;1
;;;Edelweiss;2
;;;Hortensia;2
418;2;2;Glaieul;16
419;1;1;Tiare;6
;;;Anemone;2
;;;Jasmin;1
;;;Mimosa;3
;;;Hortensia;4
419;2;1;Lys;1
;;;Paquerette;2
;;;Tulipe;2
;;;Chrysantheme;1
419;3;2;Edelweiss;5
;;;Pivoine;10
;;;Mimosa;1
420;1;1;Rose;7
;;;Mimosa;1
420;2;2;Tournesol;9
;;;Pivoine;4
;;;Jasmin;1
421;1;1;Crocus;5
;;;Coquelicot;2
;;;Tournesol;1
421;2;4;Anemone;16
;;;Dahlia;1
422;1;1;Tournesol;4
;;;Chrysantheme;6
;;;Tulipe;8
;;;Oeillet;1
;;;Edelweiss;1
422;2;5;Chrysantheme;12
;;;Narcisse;3
423;1;1;Camelia;4
;;;Chrysantheme;1
423;2;1;Tulipe;4
;;;Rose;1
;;;Dahlia;1
;;;Tournesol;1
423;3;1;Lys;11
;;;Tiare;1
;;;Tournesol;6
423;4;1;Violette;4
;;;Paquerette;1
423;5;3;Tulipe;5
;;;Crocus;6
424;1;1;Violette;4
;;;Pivoine;5
;;;Tulipe;1
424;2;1;Lys;5
;;;Crocus;1
;;;Tournesol;1
;;;Tulipe;1
;;;Violette;1
424;3;3;Narcisse;9
;;;Paquerette;1
;;;Tournesol;2
;;;Lys;2
;;;Chrysantheme;1
425;1;1;Hortensia;9
;;;Paquerette;1
425;2;2;Glaieul;11
;;;Mimosa;1
;;;Jasmin;4
;;;Dahlia;1
426;1;1;Chrysantheme;3
;;;Paquerette;2
;;;Oeillet;1
;;;Glaieul;3
;;;Dahlia;2
426;2;4;Hortensia;2
;;;Lys;5
;;;Dahlia;2
427;1;1;Tournesol;7
428;1;1;Violette;6
;;;Jasmin;1
;;;Edelweiss;1
428;2;3;Violette;2
;;;Narcisse;4
;;;Chrysantheme;7
;;;Dahlia;1
429;1;1;Camelia;16
;;;Paquerette;2
429;2;3;Tournesol;17
;;;Tulipe;1
429;3;2;Edelweiss;7
;;;Crocus;1
430;1;1;Lys;14
;;;Oeillet;1
;;;Tiare;3
430;2;2;Crocus;7
;;;Coquelicot;2
431;1;1;Mimosa;5
431;2;3;Oeillet;7
;;;Anemone;3
;;;Tulipe;1
431;3;2;Violette;4
;;;Oeillet;4
;;;Dahlia;1
432;1;1;Chrysantheme;12
;;;Tulipe;4
;;;Violette;2
;;;Tournesol;1
;;;Dahlia;1
432;2;5;Coquelicot;1
;;;Camelia;14
;;;Edelweiss;1
433;1;1;Edelweiss;3
;;;Tiare;7
;;;Tulipe;1
;;;Dahlia;1
433;2;3;Anemone;2
;;;Tournesol;1
;;;Hortensia;4
;;;Edelweiss;2
434;1;1;Lys;15
;;;Mimosa;1
;;;Oeillet;1
;;;Anemone;2
;;;Tiare;1
434;2;3;Oeillet;9
;;;Edelweiss;9
435;1;1;Lys;13
;;;Coquelicot;1
435;2;2;Glaieul;1
;;;Tulipe;10
;;;Jasmin;1
;;;Tournesol;1
;;;Chrysantheme;1
;;;Rose;1
;;;Tiare;1
436;1;1;Camelia;9
436;2;1;Hortensia;7
436;3;2;Hortensia;8
;;;Paquerette;2
;;;Jasmin;6
;;;Coquelicot;2
437;1;1;Narcisse;3
;;;Edelweiss;8
437;2;1;Camelia;16
;;;Chrysantheme;2
437;3;4;Tournesol;4
;;;Dahlia;1
;;;Anemone;2
438;1;1;Mimosa;6
;;;Chrysantheme;3
439;1;1;Lys;1
;;;Mimosa;1
;;;Jasmin;6
;;;Oeillet;1
439;2;2;Tournesol;3
;;;Crocus;2
;;;Dahlia;1
440;1;1;Hortensia;12
;;;Lys;2
440;2;3;Coquelicot;10
;;;Hortensia;6
;;;Anemone;3
440;3;2;Oeillet;14
441;1;1;Tournesol;18
;;;Hortensia;1
441;2;1;Tulipe;2
;;;Dahlia;12
;;;Jasmin;1
;;;Mimosa;1
;;;Rose;1
441;3;3;Hortensia;2
;;;Tulipe;1
;;;Jasmin;1
;;;Mimosa;3
442;1;1;Paquerette;12
;;;Violette;5
;;;Edelweiss;2
442;2;2;Chrysantheme;2
;;;Jasmin;4
;;;Mimosa;4
;;;Narcisse;5
442;3;2;Glaieul;13
;;;Mimosa;4
443;1;1;Edelweiss;8
;;;Violette;3
;;;Jasmin;1
;;;Tulipe;1
;;;Oeillet;1
444;1;1;Pivoine;9
;;;Dahlia;1
;;;Paquerette;2
;;;Tiare;4
;;;Rose;1
444;2;2;Oeillet;6
;;;Coquelicot;2
;;;Camelia;1
;;;Jasmin;1
;;;Edelweiss;1
445;1;1;Camelia;11
445;2;1;Narcisse;9
;;;Tournesol;2
;;;Glaieul;4
445;3;2;Mimosa;16
;;;Paquerette;1
;;;Coquelicot;1
;;;Oeillet;1
445;4;3;Tiare;2
;;;Tulipe;5
446;1;1;Tournesol;5
;;;Rose;3
446;2;6;Mimosa;16
;;;Lys;1
;;;Paquerette;1
;;;Rose;2
447;1;1;Oeillet;14
;;;Edelweiss;3
;;;Narcisse;1
;;;Violette;1
447;2;2;Violette;4
;;;Glaieul;1
;;;Paquerette;3
;;;Edelweiss;3
447;3;2;Edelweiss;3
;;;Paquerette;5
;;;Chrysantheme;1
;;;Mimosa;4
;;;Dahlia;4
;;;Narcisse;1
448;1;1;Jasmin;6
;;;Glaieul;7
;;;Paquerette;1
;;;Chrysantheme;1
;;;Hortensia;2
448;2;1;Anemone;3
;;;Tulipe;3
;;;Coquelicot;2
;;;Dahlia;1
448;3;5;Anemone;5
;;;Tiare;2
449;1;1;Oeillet;8
;;;Chrysantheme;10
;;;Mimosa;1
449;2;2;Camelia;11
;;;Tiare;2
;;;Jasmin;2
;;;Mimosa;1
450;1;1;Violette;6
;;;Mimosa;1
;;;Tulipe;1
451;1;1;Anemone;2
;;;Chrysantheme;3
;;;Hortensia;1
451;2;2;Chrysantheme;9
452;1;1;Rose;2
;;;Jasmin;7
;;;Lys;4
;;;Tulipe;2
;;;Edelweiss;1
;;;Pivoine;2
453;1;1;Pivoine;10
;;;Edelweiss;6
;;;Tulipe;1
;;;Rose;1
453;2;1;Tournesol;6
;;;Lys;4
;;;Anemone;3
453;3;1;Edelweiss;5
;;;Dahlia;10
;;;Paquerette;3
;;;Narcisse;1
453;4;1;Jasmin;13
;;;Paquerette;5
;;;Dahlia;2
453;5;2;Chrysantheme;15
;;;Violette;1
454;1;1;Coquelicot;14
;;;Tournesol;1
;;;Oeillet;2
;;;Crocus;2
454;2;2;Tulipe;6
;;;Coquelicot;1
;;;Lys;2
;;;Crocus;3
;;;Glaieul;1
454;3;3;Rose;8
;;;Tulipe;2
455;1;1;Pivoine;5
;;;Hortensia;5
455;2;3;Hortensia;6
;;;Coquelicot;3
;;;Rose;1
;;;Jasmin;1
455;3;3;Tiare;4
;;;Glaieul;1
456;1;1;Jasmin;6
;;;Violette;2
;;;Tournesol;1
;;;Pivoine;5
;;;Hortensia;1
;;;Tulipe;1
456;2;6;Jasmin;16
;;;Mimosa;1
;;;Tournesol;1
;;;Edelweiss;1
457;1;1;Paquerette;2
;;;Narcisse;3
;;;Coquelicot;1
457;2;3;Paquerette;16
;;;Lys;1
457;3;3;Camelia;4
;;;Hortensia;11
458;1;1;Tournesol;3
;;;Crocus;4
;;;Anemone;2
458;2;2;Paquerette;14
;;;Dahlia;1
;;;Glaieul;3
;;;Tournesol;1
458;3;3;Rose;2
;;;Oeillet;2
;;;Pivoine;9
;;;Glaieul;1
;;;Paquerette;1
459;1;1;Jasmin;1
;;;Camelia;2
;;;Paquerette;1
;;;Dahlia;1
;;;Chrysantheme;1
;;;Mimosa;1
459;2;6;Crocus;7
;;;Rose;7
;;;Mimosa;1
;;;Oeillet;1
;;;Dahlia;1
460;1;1;Violette;2
;;;Anemone;1
;;;Tiare;4
460;2;1;Edelweiss;1
;;;Pivoine;1
;;;Anemone;5
;;;Hortensia;1
;;;Chrysantheme;1
;;;Violette;2
461;1;1;Oeillet;2
;;;Lys;14
;;;Edelweiss;1
;;;Glaieul;1
461;2;4;Pivoine;2
;;;Coquelicot;7
;;;Crocus;4
461;3;1;Paquerette;1
;;;Oeillet;9
462;1;1;Oeillet;7
;;;Coquelicot;2
;;;Tournesol;3
;;;Rose;4
;;;Dahlia;3
462;2;2;Violette;1
;;;Mimosa;1
;;;Crocus;4
;;;Tiare;1
;;;Chrysantheme;3
;;;Edelweiss;2
463;1;1;Edelweiss;1
;;;Glaieul;2
;;;Oeillet;4
463;2;1;Tulipe;3
;;;Crocus;6
;;;Mimosa;1
;;;Anemone;1
463;3;1;Oeillet;1
;;;Hortensia;15
463;4;2;Jasmin;7
;;;Crocus;9
;;;Hortensia;1
464;1;1;Lys;2
;;;Dahlia;8
;;;Oeillet;9
;;;Tiare;1
465;1;1;Chrysantheme;1
;;;Mimosa;1
;;;Pivoine;12
;;;Camelia;1
466;1;1;Narcisse;2
;;;Pivoine;1
;;;Jasmin;3
;;;Tournesol;1
466;2;1;Camelia;18
466;3;5;Oeillet;1
;;;Jasmin;7
;;;Rose;2
467;1;1;Hortensia;15
467;2;6;Coquelicot;9
;;;Mimosa;8
468;1;1;Tournesol;5
;;;Jasmin;3
;;;Chrysantheme;3
;;;Hortensia;1
468;2;1;Mimosa;6
;;;Chrysantheme;10
468;3;3;Camelia;10
;;;Chrysantheme;1
;;;Violette;1
;;;Hortensia;2
;;;Rose;2
469;1;1;Glaieul;2
;;;Edelweiss;2
;;;Camelia;2
;;;Lys;2
;;;Tiare;1
469;2;1;Camelia;4
;;;Violette;4
469;3;1;Coquelicot;14
;;;Tiare;6
469;4;1;Dahlia;3
;;;Paquerette;2
;;;Camelia;3
469;5;2;Mimosa;6
;;;Coquelicot;7
470;1;1;Narcisse;9
;;;Dahlia;5
;;;Rose;1
470;2;4;Tiare;3
;;;Camelia;6
471;1;1;Tulipe;14
;;;Paquerette;1
471;2;4;Dahlia;1
;;;Lys;1
;;;Oeillet;3
471;3;2;Narcisse;5
;;;Camelia;1
;;;Rose;2
;;;Jasmin;2
;;;Oeillet;1
472;1;1;Dahlia;1
;;;Paquerette;5
;;;Coquelicot;7
;;;Pivoine;2
;;;Mimosa;1
472;2;6;Mimosa;1
;;;Pivoine;2
;;;Violette;2
;;;Tournesol;1
473;1;1;Hortensia;5
;;;Tournesol;1
;;;Narcisse;2
;;;Tulipe;2
;;;Camelia;1
473;2;1;Rose;6
;;;Hortensia;5
;;;Narcisse;1
;;;Glaieul;2
473;3;4;Coquelicot;3
;;;Pivoine;3
;;;Hortensia;3
474;1;1;Dahlia;14
474;2;6;Tulipe;4
;;;Jasmin;2
;;;Chrysantheme;2
;;;Crocus;2
475;1;1;Narcisse;4
;;;Mimosa;9
;;;Dahlia;3
476;1;1;Chrysantheme;3
;;;Camelia;1
;;;Glaieul;1
476;2;1;Edelweiss;7
;;;Narcisse;1
476;3;1;Tulipe;11
;;;Narcisse;4
;;;Tiare;1
476;4;1;Lys;2
;;;Violette;13
;;;Oeillet;1
477;1;1;Jasmin;2
;;;Tiare;14
;;;Dahlia;2
477;2;3;Hortensia;4
;;;Jasmin;8
477;3;1;Crocus;10
;;;Camelia;3
477;4;2;Anemone;3
;;;Narcisse;3
;;;Crocus;11
;;;Tiare;1
;;;Rose;1
478;1;1;Tournesol;3
;;;Mimosa;10
478;2;1;Edelweiss;13
;;;Chrysantheme;2
;;;Camelia;4
;;;Tournesol;1
478;3;3;Camelia;5
;;;Oeillet;6
;;;Hortensia;7
;;;Rose;1
479;1;1;Tournesol;4
;;;Dahlia;1
479;2;1;Tulipe;3
;;;Coquelicot;5
;;;Pivoine;7
;;;Glaieul;1
479;3;1;Glaieul;9
;;;Camelia;3
;;;Tiare;1
;;;Pivoine;1
479;4;3;Hortensia;12
;;;Camelia;4
;;;Tulipe;1
;;;Pivoine;2
480;1;1;Tiare;4
;;;Crocus;2
480;2;2;Dahlia;1
;;;Mimosa;7
;;;Camelia;2
;;;Edelweiss;4
;;;Tournesol;1
481;1;1;Edelweiss;4
;;;Violette;1
;;;Camelia;1
481;2;2;Rose;2
;;;Anemone;1
;;;Glaieul;2
481;3;3;Tulipe;4
;;;Glaieul;9
;;;Paquerette;2
482;1;1;Camelia;6
;;;Tiare;1
482;2;2;Tournesol;13
;;;Tiare;3
;;;Dahlia;2
483;1;1;Narcisse;5
;;;Tulipe;1
;;;Pivoine;4
;;;Violette;1
;;;Crocus;1
;;;Anemone;1
483;2;1;Narcisse;3
;;;Tournesol;2
;;;Oeillet;3
;;;Violette;1
483;3;1;Mimosa;6
;;;Chrysantheme;1
;;;Glaieul;2
483;4;1;Dahlia;5
;;;Lys;3
;;;Tulipe;8
;;;Hortensia;1
;;;Coquelicot;2
483;5;2;Paquerette;1
;;;Jasmin;2
;;;Oeillet;5
484;1;1;Oeillet;10
;;;Coquelicot;2
;;;Dahlia;5
484;2;5;Jasmin;1
;;;Anemone;1
;;;Mimosa;2
;;;Oeillet;3
485;1;1;Pivoine;2
;;;Narcisse;1
;;;Rose;2
;;;Jasmin;2
;;;Lys;3
485;2;2;Glaieul;5
;;;Chrysantheme;5
;;;Mimosa;6
486;1;1;Crocus;1
;;;Coquelicot;9
486;2;1;Coquelicot;5
;;;Paquerette;4
;;;Chrysantheme;1
;;;Tiare;2
486;3;1;Coquelicot;3
;;;Anemone;2
;;;Dahlia;1
;;;Chrysantheme;1
;;;Mimosa;1
486;4;1;Anemone;13
486;5;1;Crocus;15
;;;Anemone;2
;;;Pivoine;2
486;6;1;Crocus;3
;;;Mimosa;5
;;;Tournesol;1
487;1;1;Tulipe;7
;;;Mimosa;8
487;2;2;Paquerette;8
;;;Crocus;6
;;;Lys;1
487;3;1;Coquelicot;7
;;;Edelweiss;1
487;4;3;Oeillet;13
;;;Pivoine;1
;;;Tulipe;1
;;;Glaieul;2
;;;Jasmin;1
;;;Rose;2
488;1;1;Pivoine;3
;;;Rose;3
;;;Tournesol;2
;;;Narcisse;2
;;;Mimosa;2
;;;Lys;1
;;;Tiare;1
;;;Violette;1
488;2;1;Glaieul;5
;;;Rose;2
;;;Hortensia;2
;;;Pivoine;2
488;3;2;Chrysantheme;3
;;;Tournesol;1
;;;Narcisse;1
;;;Rose;4
488;4;2;Hortensia;12
;;;Narcisse;2
;;;Tournesol;2
;;;Tiare;1
489;1;1;Narcisse;2
;;;Oeillet;3
;;;Rose;2
489;2;2;Pivoine;8
;;;Tiare;1
;;;Rose;2
490;1;1;Glaieul;2
;;;Dahlia;6
;;;Paquerette;1
;;;Edelweiss;1
;;;Pivoine;1
490;2;1;Pivoine;1
;;;Chrysantheme;2
;;;Tiare;2
;;;Dahlia;5
;;;Narcisse;2
490;3;3;Rose;8
;;;Chrysantheme;1
;;;Lys;1
;;;Paquerette;2
491;1;1;Coquelicot;16
;;;Tiare;1
;;;Hortensia;1
491;2;4;Lys;6
;;;Violette;2
491;3;2;Glaieul;1
;;;Tournesol;2
;;;Jasmin;1
;;;Crocus;1
492;1;1;Pivoine;2
;;;Paquerette;5
492;2;4;Edelweiss;10
;;;Camelia;1
;;;Hortensia;1
493;1;1;Chrysantheme;3
;;;Oeillet;2
;;;Camelia;1
;;;Crocus;1
493;2;1;Mimosa;10
493;3;4;Jasmin;6
;;;Tulipe;1
;;;Crocus;4
494;1;1;Tiare;6
;;;Glaieul;3
;;;Mimosa;1
494;2;1;Glaieul;3
;;;Chrysantheme;3
;;;Jasmin;1
;;;Lys;1
494;3;1;Anemone;3
;;;Rose;12
;;;Crocus;1
;;;Coquelicot;1
;;;Lys;1
494;4;4;Tulipe;11
495;1;1;Pivoine;2
;;;Tulipe;3
;;;Rose;2
495;2;2;Anemone;4
;;;Edelweiss;2
;;;Chrysantheme;1
;;;Dahlia;2
;;;Paquerette;1
495;3;1;Rose;16
;;;Edelweiss;2
;;;Jasmin;1
;;;Paquerette;1
495;4;1;Lys;11
;;;Mimosa;2
;;;Paquerette;3
495;5;2;Anemone;4
;;;Edelweiss;3
496;1;1;Tiare;10
;;;Oeillet;5
;;;Lys;1
496;2;1;Anemone;5
;;;Narcisse;2
496;3;1;Paquerette;10
;;;Camelia;4
;;;Crocus;2
496;4;2;Coquelicot;2
;;;Chrysantheme;1
;;;Pivoine;2
497;1;1;Crocus;15
;;;Pivoine;4
;;;Camelia;1
497;2;2;Rose;12
;;;Hortensia;1
498;1;1;Narcisse;10
498;2;3;Paquerette;5
;;;Coquelicot;5
;;;Rose;1
498;3;2;Jasmin;14
;;;Edelweiss;2
;;;Rose;1
499;1;1;Tournesol;6
;;;Tiare;3
;;;Lys;1
499;2;2;Edelweiss;7
;;;Hortensia;1
500;1;1;Chrysantheme;8
;;;Crocus;6
;;;Tournesol;3
;;;Tulipe;1
500;2;3;Hortensia;9
;;;Mimosa;6
;;;Crocus;2
;;;Anemone;1
